Workbook
Name RF_3: Workload!$E$7
Name UniqueData1: Workload!$C$39
Name EachSISize2: Workload!$D$47
Name PISizeOnDisk3: Workload!$E$44
Name PIReadIOPerWrite1: Workload!$C$76
Name DataFootprint2: Workload!$D$51
Name InstanceDiskCount: Custom!$C$14
Name SprigsPerPartition2: Workload!$D$43
Name PeakDiskWriteThroughput1: Workload!$C$85
Name DataReadIOPerRead5: Workload!$G$73
Name DiskUtilisation: Workload!$C$59
Name SIWriteIOPerWrite4: Workload!$F$79
Name InstanceRamSize: AWS!$F$4
Name AvgRecordSize3: Workload!$E$38
Name PIStorage5: Workload!$G$27
Name AvgObjRPS1: Workload!$C$21
Name SIStorage5: Workload!$G$28
Name DiskOverprovisioning: AWS!$C$12
Name SIStorage3: Workload!$E$28
Name PIReadIOPerRead1: Workload!$C$77
Name SIReadIOPerQuery1: Workload!$C$81
Name UniqueData3: Workload!$E$39
Name NodeCount: Custom!$C$10
Name AZTransferByWriteReplication: Custom!$C$41
Name DataReadIOPerRead1: Workload!$C$73
Name AvgObjPerRecord1: Workload!$C$12
Name PeakDiskWriteThroughput2: Workload!$D$85
Name PIWriteIOPerWrite2: Workload!$D$75
Name PeakObjWPS2: Workload!$D$25
Name PeakDiskReadIOPS2: Workload!$D$89
Name SICoverage4: Workload!$F$16
Name ResiliencyTarget: Custom!$C$3
Name SprigsPerPartition5: Workload!$G$43
Name DataStorage2: Workload!$D$29
Name PeakObjRPS3: Workload!$E$22
Name UniqueData2: Workload!$D$39
Name SIWriteIOPerWrite2: Workload!$D$79
Name PIReadIOPerRead3: Workload!$E$77
Name PIStorage3: Workload!$E$27
Name RecordCount4: Workload!$F$40
Name PeakWriteIOPS: Workload!$C$96
Name NotFoundRate2: Workload!$D$19
Name DataStorage4: Workload!$F$29
Name PISizeInRam2: Workload!$D$42
Name NumberOfSIs5: Workload!$G$15
Name RegionTransferCost: #REF!
Name NetWorkCost: Custom!$C$52
Name PIReadIOPerWrite2: Workload!$D$76
Name PeakDiskReadThroughput2: Workload!$D$86
Name SprigsPerPartition3: Workload!$E$43
Name PageCacheRate1: Workload!$C$20
Name PIStorage1: Workload!$C$27
Name RecordCount3: Workload!$E$40
Name RecordsPerSprig: Miscellaneous!$C$13
Name DataFootprint5: Workload!$G$51
Name EachSISize4: Workload!$F$47
Name NodeFailure: Custom!$C$4
Name SIEntries2: Workload!$D$46
Name CostPerRegion: Custom!$C$50
Name PeakDiskReadIOPS5: Workload!$G$89

Sheet Workload
B1: How to: Aerospike Sizing Estimator
A3: Workload Specification
B5: Use Cases | C5: One | D5: Two | E5: Three | F5: Four | G5: Five
B6: Resilience
B7: Replication Factor | C7: 3 | D7: 2 | E7: 2 | F7: 2 | G7: 2
B8: Domain Model Specification
B9: Average Object size (B) | C9: 1024 | D9: 0 | E9: 0 | F9: 0 | G9: 0
B10: Object Count | C10: 1200000000 | D10: 0 | E10: 0 | F10: 0 | G10: 0
B11: Data Model Specification
B12: Average Number of Objects per Record | C12: 1 | D12: 1 | E12: 1 | F12: 1 | G12: 1
B13: Compression Reduction | C13: 0 | D13: 0 | E13: 0 | F13: 0 | G13: 0
B14: Secondary Index Specification
B15: Number of Secondary Indexes | C15: 0 | D15: 1 | E15: 0 | F15: 0 | G15: 0
B16: Average SI Entry Per Object | C16: 1 | D16: 1 | E16: 1 | F16: 1 | G16: 1
B17: Peak SI Query | C17: 400 | D17: 0 | E17: 0 | F17: 0 | G17: 0
B18: Read Throughput Specification
B19: Not Found Rate | C19: 0 | D19: 0 | E19: 0 | F19: 0 | G19: 0
B20: Page Cache Hit Rate | C20: 0 | D20: 0 | E20: 0 | F20: 0 | G20: 0
B21: Average Reads Per Second | C21: 1000000 | D21: 0 | E21: 0 | F21: 0 | G21: 0
B22: Peak Reads Per Second | C22: 1000000 | D22: 0 | E22: 0 | F22: 0 | G22: 0
B23: Write Throughput Specification
B24: Average Writes Per Second | C24: 20000 | D24: 0 | E24: 0 | F24: 0 | G24: 0
B25: Peak Writes Per Second | C25: 80000 | D25: 0 | E25: 0 | F25: 0 | G25: 0
B26: Storage Specification
B27: Primary Index Storage | C27: Ram | D27: Ram | E27: Ram | F27: Ram | G27: Ram
B28: Secondary Index Storage | C28: Ram | D28: Ram | E28: Ram | F28: Ram | G28: Ram
B29: Data Storage | C29: Disk | D29: Disk | E29: Disk | F29: Disk | G29: Disk
B30: SI On Disk
B31: Cached Levels of SI on Disk BTree | C31: 2 | D31: 2 | E31: 2 | F31: 2 | G31: 2
A34: Resource Size Estimation
B36: Use Cases | C36: One | D36: Two | E36: Three | F36: Four | G36: Five
B37: Data Model Detail
B38: Average Record Size (B) | C38: =AvgObjSize1 * AvgObjPerRecord1 -> 1024 | D38: =AvgObjSize2 * AvgObjPerRecord2 -> 0 | E38: =AvgObjSize3 * AvgObjPerRecord3 -> 0 | F38: =AvgObjSize4 * AvgObjPerRecord4 -> 0 | G38: =AvgObjSize5 * AvgObjPerRecord5 -> 0
B39: Unique Data Size (GB) | C39: =ObjCount1*AvgObjSize1/GB -> 1144.4092 | D39: =ObjCount2*AvgObjSize2/GB -> 0 | E39: =ObjCount3*AvgObjSize3/GB -> 0 | F39: =ObjCount4*AvgObjSize4/GB -> 0 | G39: =ObjCount5*AvgObjSize5/GB -> 0
B40: Record Count (M) | C40: =IFERROR(ObjCount1/AvgObjPerRecord1, 0) -> 1200000000 | D40: =IFERROR(ObjCount2/AvgObjPerRecord2, 0) -> 0 | E40: =IFERROR(ObjCount3/AvgObjPerRecord3, 0) -> 0 | F40: =IFERROR(ObjCount4/AvgObjPerRecord4, 0) -> 0 | G40: =IFERROR(ObjCount5/AvgObjPerRecord5, 0) -> 0
B41: Primary Index Detail (Replication Factor Not Included)
B42: Primary index Size In Ram (GB) | C42: =If(PIStorage1="Ram", RecordCount1*PIEntrySize/GB, 0) -> 71.525574 | D42: =If(PIStorage2="Ram", RecordCount2*PIEntrySize/GB, 0) -> 0 | E42: =If(PIStorage3="Ram", RecordCount3*PIEntrySize/GB, 0) -> 0 | F42: =If(PIStorage4="Ram", RecordCount4*PIEntrySize/GB, 0) -> 0 | G42: =If(PIStorage5="Ram", RecordCount5*PIEntrySize/GB, 0) -> 0
B43: Sprigs Required Per Partition | C43: =If(PIStorage1="Disk", IFERROR( 2 ^ CEILING( LOG((RecordCount1/(RecordsPerSprig*PIFillFactor))/Partitions, 2), 1), 0), 0) -> 0 | D43: =If(PIStorage2="Disk", IFERROR( 2 ^ CEILING( LOG((RecordCount2/(RecordsPerSprig*PIFillFactor))/Partitions, 2), 1), 0), 0) -> 0 | E43: =If(PIStorage3="Disk", IFERROR( 2 ^ CEILING( LOG((RecordCount3/(RecordsPerSprig*PIFillFactor))/Partitions, 2), 1), 0), 0) -> 0 | F43: =If(PIStorage4="Disk", IFERROR( 2 ^ CEILING( LOG((RecordCount4/(RecordsPerSprig*PIFillFactor))/Partitions, 2), 1), 0), 0) -> 0 | G43: =If(PIStorage5="Disk", IFERROR( 2 ^ CEILING( LOG((RecordCount5/(RecordsPerSprig*PIFillFactor))/Partitions, 2), 1), 0), 0) -> 0
B44: Primary index Size On Disk (GB) | C44: =If(PIStorage1="Disk", SprigsPerPartition1*Partitions*SprigSize/GB, 0) -> 0 | D44: =If(PIStorage2="Disk", SprigsPerPartition2*Partitions*SprigSize/GB, 0) -> 0 | E44: =If(PIStorage3="Disk", SprigsPerPartition3*Partitions*SprigSize/GB, 0) -> 0 | F44: =If(PIStorage4="Disk", SprigsPerPartition4*Partitions*SprigSize/GB, 0) -> 0 | G44: =If(PIStorage5="Disk", SprigsPerPartition5*Partitions*SprigSize/GB, 0) -> 0
B45: Secondary Index Detail (Replication Factor Not Included)
B46: Average Number of Entries in Each SI | C46: =IF(NumberOfSIs1=0, 0, ObjCount1 * SICoverage1) -> 0 | D46: =IF(NumberOfSIs2=0, 0, ObjCount2 * SICoverage2) -> 0 | E46: =IF(NumberOfSIs3=0, 0, ObjCount3 * SICoverage3) -> 0 | F46: =IF(NumberOfSIs4=0, 0, ObjCount4 * SICoverage4) -> 0 | G46: =IF(NumberOfSIs5=0, 0, ObjCount5 * SICoverage5) -> 0
B47: Each Secondary Index Size (GB) | C47: =(SIEntries1 * SIEntrySize + SIOverhead) /GB -> 0.015625 | D47: =(SIEntries2 * SIEntrySize + SIOverhead) /GB -> 0.015625 | E47: =(SIEntries3 * SIEntrySize + SIOverhead) /GB -> 0.015625 | F47: =(SIEntries4 * SIEntrySize + SIOverhead) /GB -> 0.015625 | G47: =(SIEntries5 * SIEntrySize + SIOverhead) /GB -> 0.015625
B48: Total Secondary Index Size (GB) | C48: =EachSISize1*NumberOfSIs1 -> 0 | D48: =EachSISize2*NumberOfSIs2 -> 0.015625 | E48: =EachSISize3*NumberOfSIs3 -> 0 | F48: =EachSISize4*NumberOfSIs4 -> 0 | G48: =EachSISize5*NumberOfSIs5 -> 0
B49: SI on Disk BTree Depth | C49: =IFERROR( If(SIStorage1="Disk", Log(SIEntries1 / Partitions, SIBTreeNodeCapacity * SIFillFactor), 0), 0) -> 0 | D49: =IFERROR( If(SIStorage2="Disk", Log(SIEntries2 / Partitions, SIBTreeNodeCapacity * SIFillFactor), 0), 0) -> 0 | E49: =IFERROR( If(SIStorage3="Disk", Log(SIEntries3 * SICoverage3 / Partitions, SIBTreeNodeCapacity * SIFillFactor), 0), 0) -> 0 | F49: =IFERROR( If(SIStorage4="Disk", Log(SIEntries4 / Partitions, SIBTreeNodeCapacity * SIFillFactor), 0), 0) -> 0 | G49: =IFERROR( If(SIStorage5="Disk", Log(SIEntries5 / Partitions, SIBTreeNodeCapacity * SIFillFactor), 0), 0) -> 0
B50: Data Detail (Replication Factor Not Included)
B51: Data Size with Overheads (GB) | C51: =((AvgRecordSize1*(1-CompressionReductionObj1)+ RecordOverhead) * IFERROR(ObjCount1/AvgObjPerRecord1, 0))/GB -> 1215.9348 | D51: =((AvgRecordSize2*(1-CompressionReductionObj2)+ RecordOverhead) * IFERROR(ObjCount2/AvgObjPerRecord2, 0))/GB -> 0 | E51: =((AvgRecordSize3*(1-CompressionReductionObj3)+ RecordOverhead) * IFERROR(ObjCount3/AvgObjPerRecord3, 0))/GB -> 0 | F51: =((AvgRecordSize4*(1-CompressionReductionObj4)+ RecordOverhead) * IFERROR(ObjCount4/AvgObjPerRecord4, 0))/GB -> 0 | G51: =((AvgRecordSize5*(1-CompressionReductionObj5)+ RecordOverhead) * IFERROR(ObjCount5/AvgObjPerRecord5, 0))/GB -> 0
B53: Workload Data Size
B54: Unique Data Size (GB) | C54: =UniqueData1+UniqueData2+UniqueData3+UniqueData4+UniqueData5 -> 1144.4092
B56: Other Overheads
B57: Defrag Overhead | C57: 0.5
B58: Memory Utilisation | C58: 0.75
B59: Disk Utilisation | C59: 0.95
B61: Minimum Hardware Requirements With RF
B62: Minimum Ram Required (GB) | C62: =( (If(Eq(PIStorage1, "Ram"), PISizeInRam1, 0) + If(Eq(SIStorage1, "Ram"), TotalSISize1, 0) + If(Eq(DataStorage1, "Ram"), DataFootprint1 / DefragOverhead, 0)) * RF_1 + (If(Eq(PIStorage2, "Ram"), PISizeInRam2, 0) + If(Eq(SIStorage2, "Ram"), TotalSISize2, 0) + If(Eq(DataStorage2, "Ram"), DataFootprint2 / DefragOverhead, 0)) * RF_2 + (If(Eq(PIStorage3, "Ram"), PISizeInRam3, 0) + If(Eq(SIStorage3, "Ram"), TotalSISize3, 0) + If(Eq(DataStorage3, "Ram"), DataFootprint3 / DefragOverhead, 0)) * RF_3 + (If(Eq(PIStorage4, "Ram"), PISizeInRam4, 0) + If(Eq(SIStorage4, "Ram"), TotalSISize4, 0) + If(Eq(DataStorage4, "Ram"), DataFootprint4 / DefragOverhead, 0)) * RF_4 + (If(Eq(PIStorage5, "Ram"), PISizeInRam5, 0) + If(Eq(SIStorage5, "Ram"), TotalSISize5, 0) + If(Eq(DataStorage5, "Ram"), DataFootprint5 / DefragOverhead, 0)) * RF_5 ) / MemoryUtilisation -> 286.14396
B63: Minimum Disk Required (GB) | C63: =( ( (If(Eq(PIStorage1, "Disk"), PISizeOnDisk1) + If(Eq(SIStorage1, "Disk"), TotalSISize1) + If(Eq(DataStorage1, "Disk"), DataFootprint1/DefragOverhead ) ) * RF_1) + ( (If(Eq(PIStorage2, "Disk"), PISizeOnDisk2) + If(Eq(SIStorage2, "Disk"), TotalSISize2) + If(Eq(DataStorage2, "Disk"), DataFootprint2/DefragOverhead ) ) * RF_2) + ( (If(Eq(PIStorage3, "Disk"), PISizeOnDisk3) + If(Eq(SIStorage3, "Disk"), TotalSISize3) + If(Eq(DataStorage3, "Disk"), DataFootprint3/DefragOverhead ) ) * RF_3) + ( (If(Eq(PIStorage4, "Disk"), PISizeOnDisk4) + If(Eq(SIStorage4, "Disk"), TotalSISize4) + If(Eq(DataStorage4, "Disk"), DataFootprint4/DefragOverhead ) ) * RF_4) + ( (If(Eq(PIStorage5, "Disk"), PISizeOnDisk5) + If(Eq(SIStorage5, "Disk"), TotalSISize5) + If(Eq(DataStorage5, "Disk"), DataFootprint5/DefragOverhead ) ) * RF_5) ) / DiskUtilisation -> 7679.5879
B64: Disk to Ram Ratio | C64: =IFERROR(C63/C62, "Minimal Ram") -> 26.838197
B65: Page Cache Size for On-Disk SI (GB) | C65: =(If(SIStorage1="Disk", NumberOfSIs1 * Power(227, Min(TargetCachedLevel1, SIDepth1)) * SIEntrySize * Partitions * RF_1 / SIFillFactor / GB, 0)) * RF_1 + (If(SIStorage2="Disk", NumberOfSIs2 * Power(227, Min(TargetCachedLevel2, SIDepth2)) * SIEntrySize * Partitions * RF_2 / SIFillFactor / GB, 0)) * RF_2 + (If(SIStorage3="Disk", NumberOfSIs3 * Power(227, Min(TargetCachedLevel3, SIDepth3)) * SIEntrySize * Partitions * RF_3 / SIFillFactor / GB, 0)) * RF_3 + (If(SIStorage4="Disk", NumberOfSIs4 * Power(227, Min(TargetCachedLevel4, SIDepth4)) * SIEntrySize * Partitions * RF_4 / SIFillFactor / GB, 0)) * RF_4 + (If(SIStorage5="Disk", NumberOfSIs5 * Power(227, Min(TargetCachedLevel5, SIDepth5)) * SIEntrySize * Partitions * RF_5 / SIFillFactor / GB, 0)) * RF_5 -> 0
A68: Disk IO Estimation
B70: Use Cases | C70: One | D70: Two | E70: Three | F70: Four | G70: Five
B71: Data on Disk
B72: Write I/Os per Write Request | C72: =If(DataStorage1="Disk", 1, 0) * RF_1 -> 3 | D72: =If(DataStorage2="Disk", 1, 0) * RF_2 -> 2 | E72: =If(DataStorage3="Disk", 1, 0) * RF_3 -> 2 | F72: =If(DataStorage4="Disk", 1, 0) * RF_4 -> 2 | G72: =If(DataStorage5="Disk", 1, 0) * RF_5 -> 2
B73: Read I/Os per Read Request | C73: =If(DataStorage1="Disk", (1-NotFoundRate1) * (1-PageCacheRate1), 0) -> 1 | D73: =If(DataStorage2="Disk", (1-NotFoundRate2) * (1-PageCacheRate2), 0) -> 1 | E73: =If(DataStorage3="Disk", (1-NotFoundRate3) * (1-PageCacheRate3), 0) -> 1 | F73: =If(DataStorage4="Disk", (1-NotFoundRate4) * (1-PageCacheRate4), 0) -> 1 | G73: =If(DataStorage5="Disk", (1-NotFoundRate5) * (1-PageCacheRate5), 0) -> 1
B74: Primary Index on Disk
B75: Write I/Os per PI Insert | C75: =If(PIStorage1="Disk", 2, 0) * RF_1 -> 0 | D75: =If(PIStorage2="Disk", 2, 0) * RF_2 -> 0 | E75: =If(PIStorage3="Disk", 2, 0) * RF_3 -> 0 | F75: =If(PIStorage4="Disk", 2, 0) * RF_4 -> 0 | G75: =If(PIStorage5="Disk", 2, 0) * RF_5 -> 0
B76: Read I/Os per PI Insert | C76: =If(PIStorage1="Disk", 3, 0) * RF_1 -> 0 | D76: =If(PIStorage2="Disk", 3, 0) * RF_2 -> 0 | E76: =If(PIStorage3="Disk", 3, 0) * RF_3 -> 0 | F76: =If(PIStorage4="Disk", 3, 0) * RF_4 -> 0 | G76: =If(PIStorage5="Disk", 3, 0) * RF_5 -> 0
B77: Read I/Os per PI lookup | C77: =If(PIStorage1="Disk", 1, 0) -> 0 | D77: =If(PIStorage2="Disk", 1, 0) -> 0 | E77: =If(PIStorage3="Disk", 1, 0) -> 0 | F77: =If(PIStorage4="Disk", 1, 0) -> 0 | G77: =If(PIStorage5="Disk", 1, 0) -> 0
B78: Secondary Index on Disk
B79: Write I/Os per SI Insert | C79: =If(SIStorage1="Disk", 1, 0) * RF_1 -> 0 | D79: =If(SIStorage2="Disk", 1, 0) * RF_2 -> 0 | E79: =If(SIStorage3="Disk", 1, 0) * RF_3 -> 0 | F79: =If(SIStorage4="Disk", 1, 0) * RF_4 -> 0 | G79: =If(SIStorage5="Disk", 1, 0) * RF_5 -> 0
B80: Read I/Os per SI Insert | C80: =IFERROR(If(SIStorage1="Disk", Ceiling(LOG(SIEntries1/Partitions, SIBTreeNodeCapacity*PIFillFactor),1), 0), 0) * RF_1 -> 0 | D80: =IFERROR(If(SIStorage2="Disk", Ceiling(LOG(SIEntries2/Partitions, SIBTreeNodeCapacity*PIFillFactor),1), 0),0) * RF_2 -> 0 | E80: =IFERROR(If(SIStorage3="Disk", Ceiling(LOG(SIEntries3/Partitions, SIBTreeNodeCapacity*PIFillFactor),1), 0), 0) * RF_3 -> 0 | F80: =IFERROR(If(SIStorage4="Disk", Ceiling(LOG(SIEntries4/Partitions, SIBTreeNodeCapacity*PIFillFactor),1), 0), 0) * RF_4 -> 0 | G80: =IFERROR(If(SIStorage5="Disk", Ceiling(LOG(SIEntries5/Partitions, SIBTreeNodeCapacity*PIFillFactor),1), 0), 0) * RF_5 -> 0
B81: Read I/Os per SI lookup | C81: =IFERROR(If(SIStorage1="Disk", Ceiling(Partitions * Max((LOG(SIEntries1/Partitions, SIBTreeNodeCapacity*SIFillFactor)-TargetCachedLevel1), 0),1), 0), 0) -> 0 | D81: =IFERROR(If(SIStorage2="Disk", Ceiling(Partitions * MAX((LOG(SIEntries2/Partitions, SIBTreeNodeCapacity*SIFillFactor)-TargetCachedLevel1), 0),1), 0), 0) -> 0 | E81: =IFERROR(If(SIStorage3="Disk", Ceiling(Partitions * MAX((LOG(SIEntries3/Partitions, SIBTreeNodeCapacity*SIFillFactor)-TargetCachedLevel1), 0),1), 0), 0) -> 0 | F81: =IFERROR(If(SIStorage4="Disk", Ceiling(Partitions * MAX((LOG(SIEntries4/Partitions, SIBTreeNodeCapacity*SIFillFactor)-TargetCachedLevel1), 0),1), 0), 0) -> 0 | G81: =IFERROR(If(SIStorage5="Disk", Ceiling(Partitions * MAX((LOG(SIEntries5/Partitions, SIBTreeNodeCapacity*SIFillFactor)-TargetCachedLevel1), 0),1), 0), 0) -> 0
B83: Use Cases | C83: One | D83: Two | E83: Three | F83: Four | G83: Five
B84: Throughput
B85: Peak Disk Write Throughput (MB) | C85: =(PeakObjWPS1 * DataWriteIOPerWrite1 * (AvgRecordSize1*(1-CompressionReductionObj1) + RecordOverhead) + PeakObjWPS1 * PIWriteIOPerWrite1 * DiskBlockSize + PeakObjWPS1 * NumberOfSIs1 * SIWriteIOPerWrite1 * DiskBlockSize) / MB -> 249.02344 | D85: =(PeakObjWPS2 * DataWriteIOPerWrite2 * (AvgRecordSize2*(1-CompressionReductionObj2) + RecordOverhead) + PeakObjWPS2 * PIWriteIOPerWrite2 * DiskBlockSize + PeakObjWPS2 * NumberOfSIs2 * SIWriteIOPerWrite2 * DiskBlockSize) / MB -> 0 | E85: =(PeakObjWPS3 * DataWriteIOPerWrite3 * (AvgRecordSize3*(1-CompressionReductionObj3) + RecordOverhead) + PeakObjWPS3 * PIWriteIOPerWrite3 * DiskBlockSize + PeakObjWPS3 * NumberOfSIs3 * SIWriteIOPerWrite3 * DiskBlockSize) / MB -> 0 | F85: =(PeakObjWPS4 * DataWriteIOPerWrite4 * (AvgRecordSize4*(1-CompressionReductionObj4) + RecordOverhead) + PeakObjWPS4 * PIWriteIOPerWrite4 * DiskBlockSize + PeakObjWPS4 * NumberOfSIs4 * SIWriteIOPerWrite4 * DiskBlockSize) / MB -> 0 | G85: =(PeakObjWPS5 * DataWriteIOPerWrite5 * (AvgRecordSize5*(1-CompressionReductionObj5) + RecordOverhead) + PeakObjWPS5 * PIWriteIOPerWrite5 * DiskBlockSize + PeakObjWPS5 * NumberOfSIs5 * SIWriteIOPerWrite5 * DiskBlockSize) / MB -> 0
B86: Peak Disk Read Throughput (MB) | C86: =(PeakObjRPS1 * DataReadIOPerRead1 * Ceiling((AvgRecordSize1*(1-CompressionReductionObj1)+ RecordOverhead)/DiskBlockSize,1)*DiskBlockSize + PeakObjWPS1 * PIReadIOPerWrite1 * DiskBlockSize + PeakObjRPS1 * PIReadIOPerRead1 * DiskBlockSize + PeakObjWPS1 * NumberOfSIs1 * SIReadIOPerWrite1 * DiskBlockSize + PeakSIQPS1 * SIReadIOPerQuery1 * DiskBlockSize) / MB -> 3906.25 | D86: =(PeakObjRPS2 * DataReadIOPerRead2 * Ceiling((AvgRecordSize2*(1-CompressionReductionObj2)+ RecordOverhead) /DiskBlockSize,1)*DiskBlockSize + PeakObjWPS2 * PIReadIOPerWrite2 * DiskBlockSize + PeakObjRPS2 * PIReadIOPerRead2 * DiskBlockSize + PeakObjWPS2 * NumberOfSIs2 * SIReadIOPerWrite2 * DiskBlockSize + PeakSIQPS2 * SIReadIOPerQuery2 * DiskBlockSize) / MB -> 0 | E86: =(PeakObjRPS3 * DataReadIOPerRead3 * Ceiling((AvgRecordSize3*(1-CompressionReductionObj3)+ RecordOverhead)/DiskBlockSize,1)*DiskBlockSize + PeakObjWPS3 * PIReadIOPerWrite3 * DiskBlockSize + PeakObjRPS3 * PIReadIOPerRead3 * DiskBlockSize + PeakObjWPS3 * NumberOfSIs3 * SIReadIOPerWrite3 * DiskBlockSize + PeakSIQPS3 * SIReadIOPerQuery3 * DiskBlockSize) / MB -> 0 | F86: =(PeakObjRPS4 * DataReadIOPerRead4 * Ceiling((AvgRecordSize4*(1-CompressionReductionObj4)+ RecordOverhead)/DiskBlockSize,1)*DiskBlockSize + PeakObjWPS4 * PIReadIOPerWrite4 * DiskBlockSize + PeakObjRPS4 * PIReadIOPerRead4 * DiskBlockSize + PeakObjWPS4 * NumberOfSIs4 * SIReadIOPerWrite4 * DiskBlockSize + PeakSIQPS4 * SIReadIOPerQuery4 * DiskBlockSize) / MB -> 0 | G86: =(PeakObjRPS5 * DataReadIOPerRead5 * Ceiling((AvgRecordSize5*(1-CompressionReductionObj5)+ RecordOverhead)/DiskBlockSize,1)*DiskBlockSize + PeakObjWPS5 * PIReadIOPerWrite5 * DiskBlockSize + PeakObjRPS5 * PIReadIOPerRead5 * DiskBlockSize + PeakObjWPS5 * NumberOfSIs5 * SIReadIOPerWrite5 * DiskBlockSize + PeakSIQPS5 * SIReadIOPerQuery5 * DiskBlockSize) / MB -> 0
B87: IOPS
B88: Peak Disk Write IOPS (K) | C88: =(Ceiling((PeakObjWPS1 * DataWriteIOPerWrite1 * (AvgRecordSize1*(1-CompressionReductionObj1)+ RecordOverhead))/WriteBlockSize,1)*WriteBlockSize/DiskBlockSize + PeakObjWPS1 * PIWriteIOPerWrite1 + PeakObjWPS1 * NumberOfSIs1 * SIWriteIOPerWrite1) / 1000 -> 65.536 | D88: =(Ceiling((PeakObjWPS2 * DataWriteIOPerWrite2 * (AvgRecordSize2*(1-CompressionReductionObj2)+ RecordOverhead))/WriteBlockSize,1) * WriteBlockSize / DiskBlockSize + PeakObjWPS2 * PIWriteIOPerWrite2 + PeakObjWPS2 * NumberOfSIs2 * SIWriteIOPerWrite2) / 1000 -> 0 | E88: =(Ceiling((PeakObjWPS3 * DataWriteIOPerWrite3 * (AvgRecordSize3*(1-CompressionReductionObj3)+ RecordOverhead))/WriteBlockSize,1) * WriteBlockSize / DiskBlockSize + PeakObjWPS3 * PIWriteIOPerWrite3 + PeakObjWPS3 * NumberOfSIs3 * SIWriteIOPerWrite3) / 1000 -> 0 | F88: =(Ceiling((PeakObjWPS4 * DataWriteIOPerWrite4 * (AvgRecordSize4*(1-CompressionReductionObj4)+ RecordOverhead))/WriteBlockSize,1) * WriteBlockSize / DiskBlockSize + PeakObjWPS4 * PIWriteIOPerWrite4 + PeakObjWPS4 * NumberOfSIs4 * SIWriteIOPerWrite4) / 1000 -> 0 | G88: =(Ceiling((PeakObjWPS5 * DataWriteIOPerWrite5 * (AvgRecordSize5*(1-CompressionReductionObj5)+ RecordOverhead))/WriteBlockSize,1) * WriteBlockSize / DiskBlockSize + PeakObjWPS5 * PIWriteIOPerWrite5 + PeakObjWPS5 * NumberOfSIs5 * SIWriteIOPerWrite5) / 1000 -> 0
B89: Peak Disk Read IOPS (K) | C89: =(PeakObjRPS1 * DataReadIOPerRead1 * Ceiling((AvgRecordSize1*(1-CompressionReductionObj1)+ RecordOverhead)/DiskBlockSize,1) + PeakObjWPS1 * PIReadIOPerWrite1 + PeakObjRPS1 * PIReadIOPerRead1 + PeakObjWPS1 * NumberOfSIs1 * SIReadIOPerWrite1 + PeakSIQPS1 * SIReadIOPerQuery1) / 1000 -> 1000 | D89: =(PeakObjRPS2 * DataReadIOPerRead2 * Ceiling((AvgRecordSize2*(1-CompressionReductionObj2)+ RecordOverhead)/DiskBlockSize,1) + PeakObjWPS2 * PIReadIOPerWrite2 + PeakObjRPS2 * PIReadIOPerRead2 + PeakObjWPS2 * NumberOfSIs2 * SIReadIOPerWrite2 + PeakSIQPS2 * SIReadIOPerQuery2) / 1000 -> 0 | E89: =(PeakObjRPS3 * DataReadIOPerRead3 * Ceiling((AvgRecordSize3*(1-CompressionReductionObj3)+ RecordOverhead)/DiskBlockSize,1) + PeakObjWPS3 * PIReadIOPerWrite3 + PeakObjRPS3 * PIReadIOPerRead3 + PeakObjWPS3 * NumberOfSIs3 * SIReadIOPerWrite3 + PeakSIQPS3 * SIReadIOPerQuery3) / 1000 -> 0 | F89: =(PeakObjRPS4 * DataReadIOPerRead4 * Ceiling((AvgRecordSize4*(1-CompressionReductionObj4)+ RecordOverhead)/DiskBlockSize,1) + PeakObjWPS4 * PIReadIOPerWrite4 + PeakObjRPS4 * PIReadIOPerRead4 + PeakObjWPS4 * NumberOfSIs4 * SIReadIOPerWrite4 + PeakSIQPS4 * SIReadIOPerQuery4) / 1000 -> 0 | G89: =(PeakObjRPS5 * DataReadIOPerRead5 * Ceiling((AvgRecordSize5*(1-CompressionReductionObj5)+ RecordOverhead)/DiskBlockSize,1) + PeakObjWPS5 * PIReadIOPerWrite5 + PeakObjRPS5 * PIReadIOPerRead5 + PeakObjWPS5 * NumberOfSIs5 * SIReadIOPerWrite5 + PeakSIQPS5 * SIReadIOPerQuery5) / 1000 -> 0
B91: Total IO Requirements
B92: Throughput
B93: Peak Disk Write Throughput (MB) | C93: =PeakDiskWriteThroughput1 + PeakDiskWriteThroughput2 + PeakDiskWriteThroughput3 + PeakDiskWriteThroughput4 + PeakDiskWriteThroughput5 -> 249.02344
B94: Peak Disk Read Throughput (MB) | C94: =PeakDiskReadThroughput1 + PeakDiskReadThroughput2 + PeakDiskReadThroughput3 + PeakDiskReadThroughput4 + PeakDiskReadThroughput5 -> 3906.25
B95: IOPS
B96: Peak Disk Write IOPS (K) | C96: =PeakDiskWriteIOPS1 + PeakDiskWriteIOPS2 + PeakDiskWriteIOPS3 + PeakDiskWriteIOPS4 + PeakDiskWriteIOPS5 -> 65.536
B97: Peak Disk Read IOPS (K) | C97: =PeakDiskReadIOPS1 + PeakDiskReadIOPS2 + PeakDiskReadIOPS3 + PeakDiskReadIOPS4 + PeakDiskReadIOPS5 -> 1000

Sheet AWS
B2: Resilience | E2: Instance Resources | H2: EC2 Family | I2: Lower Bound $ | M2: EC2 Family | N2: Disk To Ram Ratio | V2: EC2 Instance Types (Prices are for the us-east-1 region) | AD2: =if(Miscellaneous!E2*AWS!C$5> 256, "", Miscellaneous!E2*AWS!C$5) -> 0 | AE2: =IFERROR(__xludf.DUMMYFUNCTION(" filter(Miscellaneous!E2:E12, Miscellaneous!E2:E12<Workload!$C$7)"),0.0) -> 0 | AF2: =IFERROR(__xludf.DUMMYFUNCTION(" filter(Miscellaneous!E2:E12, Miscellaneous!E2:E12<AWS!$C$5)"),0.0) -> 0
B3: Resiliency Target | C3: Rack/AZ | E3: Number of vCPUs | F3: =VLOOKUP(InstanceType,AWS!V4:AB780,2, False) -> 1 | H3: {=Sort(J3:K114, 2, true)} -> i4g | I3: 1463.25 | J3: a1 | K3: =If(C$20 = 0, Ceiling(($C$19 / VLOOKUp(Concat("$", Concat(J3, ".Search")) ,U$4:AB$780, 4, false) * VLOOKUp(Concat("$", Concat(J3, ".Search")) ,U$4:AB$780, 8, false) / AZ),1) * AZ, If(VLOOKUp(Concat("$", Concat(J3, ".Search")) ,U$4:AB$780, 5, false) = 0 , "N/A", Max( Ceiling(($C$20 / (VLOOKUp(Concat("$", Concat(J3, ".Search")) ,U$4:AB$780, 5, false) * VLOOKUp(Concat("$", Concat(J3, ".Search")) ,U$4:AB$780, 6, false)* (1 - DiskOverprovisioning))) / AZ,1) * AZ , Ceiling(($C$19 / VLOOKUp(Concat("$", Concat(J3, ".Search")) ,U$4:AB$780, 4, false) / AZ),1) * AZ ) * VLOOKUp(Concat("$", Concat(J3, ".Search")) ,U$4:AB$780, 8, false) ) ) -> N/A | M3: {=Sort(Q3:S114, 3, true)} -> i3 | N3: 26.47541 | O3: 0.36278683 | P3: =VLOOKUp(Concat("$", Concat(Q3, ".Search")) ,U$4:AB$780, 5, false) * VLOOKUp(Concat("$", Concat(Q3, ".Search")) ,U$4:AB$780, 6, false) * (1 - $C$12)/ VLOOKUp(Concat("$", Concat(Q3, ".Search")) ,U$4:AB$780, 4, false) -> 0 | Q3: a1 | R3: =if(P3=0, "N/A", P3) -> N/A | S3: =if(P3=0, "N/A", Abs(P3-$C$21)) -> N/A | U3: Family | V3: Name | W3: vCPU | X3: Memory (GB) | Y3: Storage (GB) | Z3: Number Of Disks | AA3: Network Bandwidth | AB3: Monthly Reserved rate | AD3: =if(Miscellaneous!E3*AWS!C$5> 256, "", Miscellaneous!E3*AWS!C$5) -> 1 | AE3: =IFERROR(__xludf.DUMMYFUNCTION("""COMPUTED_VALUE"""),1.0) -> 1
B4: Tolerated Node Failures Count | C4: 1 | E4: Ram (GB) | F4: =VLOOKUP(InstanceType,AWS!V4:AB780,3, False) -> 3.75 | H4: i3 | I4: 1562.2 | J4: c3 | K4: =If(C$20 = 0, Ceiling(($C$19 / VLOOKUp(Concat("$", Concat(J4, ".Search")) ,U$4:AB$780, 4, false) * VLOOKUp(Concat("$", Concat(J4, ".Search")) ,U$4:AB$780, 8, false) / AZ),1) * AZ, If(VLOOKUp(Concat("$", Concat(J4, ".Search")) ,U$4:AB$780, 5, false) = 0 , "N/A", Max( Ceiling(($C$20 / (VLOOKUp(Concat("$", Concat(J4, ".Search")) ,U$4:AB$780, 5, false) * VLOOKUp(Concat("$", Concat(J4, ".Search")) ,U$4:AB$780, 6, false)* (1 - DiskOverprovisioning))) / AZ,1) * AZ , Ceiling(($C$19 / VLOOKUp(Concat("$", Concat(J4, ".Search")) ,U$4:AB$780, 4, false) / AZ),1) * AZ ) * VLOOKUp(Concat("$", Concat(J4, ".Search")) ,U$4:AB$780, 8, false) ) ) -> 12150.12 | M4: c6gd | N4: 25.234375 | O4: 1.6038217 | P4: =VLOOKUp(Concat("$", Concat(Q4, ".Search")) ,U$4:AB$780, 5, false) * VLOOKUp(Concat("$", Concat(Q4, ".Search")) ,U$4:AB$780, 6, false) * (1 - $C$12)/ VLOOKUp(Concat("$", Concat(Q4, ".Search")) ,U$4:AB$780, 4, false) -> 9.0666667 | Q4: c3 | R4: =if(P4=0, "N/A", P4) -> 9.0666667 | S4: =if(P4=0, "N/A", Abs(P4-$C$21)) -> 17.77153 | U4: $a1.Search | V4: a1.medium | W4: 1 | X4: 2 | Y4: 0 | Z4: 0 | AA4: Up to 10 Gigabit | AB4: 11.75 | AD4: =if(Miscellaneous!E4*AWS!C$5> 256, "", Miscellaneous!E4*AWS!C$5) -> 2 | AE4: =IFERROR(__xludf.DUMMYFUNCTION("""COMPUTED_VALUE"""),2.0) -> 2
B5: Racks or Availability Zones Count | C5: 1 | E5: Number of Disks | F5: =VLOOKUP(InstanceType,AWS!V4:AB780,5, False) -> 0.05 | H5: i4i | I5: 1624.25 | J5: c4 | K5: =If(C$20 = 0, Ceiling(($C$19 / VLOOKUp(Concat("$", Concat(J5, ".Search")) ,U$4:AB$780, 4, false) * VLOOKUp(Concat("$", Concat(J5, ".Search")) ,U$4:AB$780, 8, false) / AZ),1) * AZ, If(VLOOKUp(Concat("$", Concat(J5, ".Search")) ,U$4:AB$780, 5, false) = 0 , "N/A", Max( Ceiling(($C$20 / (VLOOKUp(Concat("$", Concat(J5, ".Search")) ,U$4:AB$780, 5, false) * VLOOKUp(Concat("$", Concat(J5, ".Search")) ,U$4:AB$780, 6, false)* (1 - DiskOverprovisioning))) / AZ,1) * AZ , Ceiling(($C$19 / VLOOKUp(Concat("$", Concat(J5, ".Search")) ,U$4:AB$780, 4, false) / AZ),1) * AZ ) * VLOOKUp(Concat("$", Concat(J5, ".Search")) ,U$4:AB$780, 8, false) ) ) -> N/A | M5: c6id | N5: 25.234375 | O5: 1.6038217 | P5: =VLOOKUp(Concat("$", Concat(Q5, ".Search")) ,U$4:AB$780, 5, false) * VLOOKUp(Concat("$", Concat(Q5, ".Search")) ,U$4:AB$780, 6, false) * (1 - $C$12)/ VLOOKUp(Concat("$", Concat(Q5, ".Search")) ,U$4:AB$780, 4, false) -> 0 | Q5: c4 | R5: =if(P5=0, "N/A", P5) -> N/A | S5: =if(P5=0, "N/A", Abs(P5-$C$21)) -> N/A | U5: $a1. | V5: a1.large | W5: 2 | X5: 4 | Y5: 0 | Z5: 0 | AA5: Up to 10 Gigabit | AB5: 23.43 | AD5: =if(Miscellaneous!E5*AWS!C$5> 256, "", Miscellaneous!E5*AWS!C$5) -> 3
B6: Tolerated AZ/Rack Failures Count | C6: 0 | E6: Total Disk Size (GB) | F6: =VLOOKUP(InstanceType,AWS!V4:AB780,4, False)*InstanceDiskCount -> 4 | H6: i8g | I6: 1650.95 | J6: c5 | K6: =If(C$20 = 0, Ceiling(($C$19 / VLOOKUp(Concat("$", Concat(J6, ".Search")) ,U$4:AB$780, 4, false) * VLOOKUp(Concat("$", Concat(J6, ".Search")) ,U$4:AB$780, 8, false) / AZ),1) * AZ, If(VLOOKUp(Concat("$", Concat(J6, ".Search")) ,U$4:AB$780, 5, false) = 0 , "N/A", Max( Ceiling(($C$20 / (VLOOKUp(Concat("$", Concat(J6, ".Search")) ,U$4:AB$780, 5, false) * VLOOKUp(Concat("$", Concat(J6, ".Search")) ,U$4:AB$780, 6, false)* (1 - DiskOverprovisioning))) / AZ,1) * AZ , Ceiling(($C$19 / VLOOKUp(Concat("$", Concat(J6, ".Search")) ,U$4:AB$780, 4, false) / AZ),1) * AZ ) * VLOOKUp(Concat("$", Concat(J6, ".Search")) ,U$4:AB$780, 8, false) ) ) -> N/A | M6: c7gd | N6: 25.234375 | O6: 1.6038217 | P6: =VLOOKUp(Concat("$", Concat(Q6, ".Search")) ,U$4:AB$780, 5, false) * VLOOKUp(Concat("$", Concat(Q6, ".Search")) ,U$4:AB$780, 6, false) * (1 - $C$12)/ VLOOKUp(Concat("$", Concat(Q6, ".Search")) ,U$4:AB$780, 4, false) -> 0 | Q6: c5 | R6: =if(P6=0, "N/A", P6) -> N/A | S6: =if(P6=0, "N/A", Abs(P6-$C$21)) -> N/A | U6: $a1. | V6: a1.xlarge | W6: 4 | X6: 8 | Y6: 0 | Z6: 0 | AA6: Up to 10 Gigabit | AB6: 46.94 | AD6: =if(Miscellaneous!E6*AWS!C$5> 256, "", Miscellaneous!E6*AWS!C$5) -> 4
B7: Allow Read from Nearest Rack/AZ | C7: FALSE | E7: Throughput per Disk (MB/s) | F7: 1500 | H7: i7i | I7: 1815.95 | J7: c5a | K7: =If(C$20 = 0, Ceiling(($C$19 / VLOOKUp(Concat("$", Concat(J7, ".Search")) ,U$4:AB$780, 4, false) * VLOOKUp(Concat("$", Concat(J7, ".Search")) ,U$4:AB$780, 8, false) / AZ),1) * AZ, If(VLOOKUp(Concat("$", Concat(J7, ".Search")) ,U$4:AB$780, 5, false) = 0 , "N/A", Max( Ceiling(($C$20 / (VLOOKUp(Concat("$", Concat(J7, ".Search")) ,U$4:AB$780, 5, false) * VLOOKUp(Concat("$", Concat(J7, ".Search")) ,U$4:AB$780, 6, false)* (1 - DiskOverprovisioning))) / AZ,1) * AZ , Ceiling(($C$19 / VLOOKUp(Concat("$", Concat(J7, ".Search")) ,U$4:AB$780, 4, false) / AZ),1) * AZ ) * VLOOKUp(Concat("$", Concat(J7, ".Search")) ,U$4:AB$780, 8, false) ) ) -> N/A | M7: c8gd | N7: 25.234375 | O7: 1.6038217 | P7: =VLOOKUp(Concat("$", Concat(Q7, ".Search")) ,U$4:AB$780, 5, false) * VLOOKUp(Concat("$", Concat(Q7, ".Search")) ,U$4:AB$780, 6, false) * (1 - $C$12)/ VLOOKUp(Concat("$", Concat(Q7, ".Search")) ,U$4:AB$780, 4, false) -> 0 | Q7: c5a | R7: =if(P7=0, "N/A", P7) -> N/A | S7: =if(P7=0, "N/A", Abs(P7-$C$21)) -> N/A | U7: $a1. | V7: a1.2xlarge | W7: 8 | X7: 16 | Y7: 0 | Z7: 0 | AA7: Up to 10 Gigabit | AB7: 93.81 | AD7: =if(Miscellaneous!E7*AWS!C$5> 256, "", Miscellaneous!E7*AWS!C$5) -> 5
E8: IOPS per Disk (K) | F8: 320 | H8: i3en | I8: 2023.56 | J8: c5ad | K8: =If(C$20 = 0, Ceiling(($C$19 / VLOOKUp(Concat("$", Concat(J8, ".Search")) ,U$4:AB$780, 4, false) * VLOOKUp(Concat("$", Concat(J8, ".Search")) ,U$4:AB$780, 8, false) / AZ),1) * AZ, If(VLOOKUp(Concat("$", Concat(J8, ".Search")) ,U$4:AB$780, 5, false) = 0 , "N/A", Max( Ceiling(($C$20 / (VLOOKUp(Concat("$", Concat(J8, ".Search")) ,U$4:AB$780, 5, false) * VLOOKUp(Concat("$", Concat(J8, ".Search")) ,U$4:AB$780, 6, false)* (1 - DiskOverprovisioning))) / AZ,1) * AZ , Ceiling(($C$19 / VLOOKUp(Concat("$", Concat(J8, ".Search")) ,U$4:AB$780, 4, false) / AZ),1) * AZ ) * VLOOKUp(Concat("$", Concat(J8, ".Search")) ,U$4:AB$780, 8, false) ) ) -> 5063.28 | M8: i4g | N8: 24.902344 | O8: 1.9358529 | P8: =VLOOKUp(Concat("$", Concat(Q8, ".Search")) ,U$4:AB$780, 5, false) * VLOOKUp(Concat("$", Concat(Q8, ".Search")) ,U$4:AB$780, 6, false) * (1 - $C$12)/ VLOOKUp(Concat("$", Concat(Q8, ".Search")) ,U$4:AB$780, 4, false) -> 15.9375 | Q8: c5ad | R8: =if(P8=0, "N/A", P8) -> 15.9375 | S8: =if(P8=0, "N/A", Abs(P8-$C$21)) -> 10.900697 | U8: $a1. | V8: a1.4xlarge | W8: 16 | X8: 32 | Y8: 0 | Z8: 0 | AA8: Up to 10 Gigabit | AB8: 187.61 | AD8: =if(Miscellaneous!E8*AWS!C$5> 256, "", Miscellaneous!E8*AWS!C$5) -> 6
B9: EC2 Specification | E9: Total IOPS (K) | F9: =AWSDiskIOPS*InstanceDiskCount -> 16 | H9: i7ie | I9: 2250.45 | J9: c5d | K9: =If(C$20 = 0, Ceiling(($C$19 / VLOOKUp(Concat("$", Concat(J9, ".Search")) ,U$4:AB$780, 4, false) * VLOOKUp(Concat("$", Concat(J9, ".Search")) ,U$4:AB$780, 8, false) / AZ),1) * AZ, If(VLOOKUp(Concat("$", Concat(J9, ".Search")) ,U$4:AB$780, 5, false) = 0 , "N/A", Max( Ceiling(($C$20 / (VLOOKUp(Concat("$", Concat(J9, ".Search")) ,U$4:AB$780, 5, false) * VLOOKUp(Concat("$", Concat(J9, ".Search")) ,U$4:AB$780, 6, false)* (1 - DiskOverprovisioning))) / AZ,1) * AZ , Ceiling(($C$19 / VLOOKUp(Concat("$", Concat(J9, ".Search")) ,U$4:AB$780, 4, false) / AZ),1) * AZ ) * VLOOKUp(Concat("$", Concat(J9, ".Search")) ,U$4:AB$780, 8, false) ) ) -> 8744.67 | M9: i4i | N9: 24.902344 | O9: 1.9358529 | P9: =VLOOKUp(Concat("$", Concat(Q9, ".Search")) ,U$4:AB$780, 5, false) * VLOOKUp(Concat("$", Concat(Q9, ".Search")) ,U$4:AB$780, 6, false) * (1 - $C$12)/ VLOOKUp(Concat("$", Concat(Q9, ".Search")) ,U$4:AB$780, 4, false) -> 10.625 | Q9: c5d | R9: =if(P9=0, "N/A", P9) -> 10.625 | S9: =if(P9=0, "N/A", Abs(P9-$C$21)) -> 16.213197 | U9: $c3. | V9: c3.large | W9: 2 | X9: 3.75 | Y9: 320 | Z9: =0.1 -> 0.1 | AA9: Moderate | AB9: 53.29 | AD9: =if(Miscellaneous!E9*AWS!C$5> 256, "", Miscellaneous!E9*AWS!C$5) -> 7
B10: Instance Type | C10: m3.medium | E10: Total Throughput (MB/s) | F10: =AWSDiskThroughput*InstanceDiskCount -> 75 | H10: c6gd | I10: 2825.8 | J10: c5n | K10: =If(C$20 = 0, Ceiling(($C$19 / VLOOKUp(Concat("$", Concat(J10, ".Search")) ,U$4:AB$780, 4, false) * VLOOKUp(Concat("$", Concat(J10, ".Search")) ,U$4:AB$780, 8, false) / AZ),1) * AZ, If(VLOOKUp(Concat("$", Concat(J10, ".Search")) ,U$4:AB$780, 5, false) = 0 , "N/A", Max( Ceiling(($C$20 / (VLOOKUp(Concat("$", Concat(J10, ".Search")) ,U$4:AB$780, 5, false) * VLOOKUp(Concat("$", Concat(J10, ".Search")) ,U$4:AB$780, 6, false)* (1 - DiskOverprovisioning))) / AZ,1) * AZ , Ceiling(($C$19 / VLOOKUp(Concat("$", Concat(J10, ".Search")) ,U$4:AB$780, 4, false) / AZ),1) * AZ ) * VLOOKUp(Concat("$", Concat(J10, ".Search")) ,U$4:AB$780, 8, false) ) ) -> N/A | M10: i7i | N10: 24.902344 | O10: 1.9358529 | P10: =VLOOKUp(Concat("$", Concat(Q10, ".Search")) ,U$4:AB$780, 5, false) * VLOOKUp(Concat("$", Concat(Q10, ".Search")) ,U$4:AB$780, 6, false) * (1 - $C$12)/ VLOOKUp(Concat("$", Concat(Q10, ".Search")) ,U$4:AB$780, 4, false) -> 0 | Q10: c5n | R10: =if(P10=0, "N/A", P10) -> N/A | S10: =if(P10=0, "N/A", Abs(P10-$C$21)) -> N/A | U10: $c3. | V10: c3.xlarge | W10: 4 | X10: 7.5 | Y10: 320 | Z10: =1/4 -> 0.25 | AA10: Moderate | AB10: 106.58 | AD10: =if(Miscellaneous!E10*AWS!C$5> 256, "", Miscellaneous!E10*AWS!C$5) -> 8
B11: Number of Instances | C11: 4 | E11: Network Bandwidth | F11: =VLOOKUP(InstanceType,AWS!V4:AB780,6, False) -> Moderate | H11: im4gn | I11: 3065.76 | J11: c6a | K11: =If(C$20 = 0, Ceiling(($C$19 / VLOOKUp(Concat("$", Concat(J11, ".Search")) ,U$4:AB$780, 4, false) * VLOOKUp(Concat("$", Concat(J11, ".Search")) ,U$4:AB$780, 8, false) / AZ),1) * AZ, If(VLOOKUp(Concat("$", Concat(J11, ".Search")) ,U$4:AB$780, 5, false) = 0 , "N/A", Max( Ceiling(($C$20 / (VLOOKUp(Concat("$", Concat(J11, ".Search")) ,U$4:AB$780, 5, false) * VLOOKUp(Concat("$", Concat(J11, ".Search")) ,U$4:AB$780, 6, false)* (1 - DiskOverprovisioning))) / AZ,1) * AZ , Ceiling(($C$19 / VLOOKUp(Concat("$", Concat(J11, ".Search")) ,U$4:AB$780, 4, false) / AZ),1) * AZ ) * VLOOKUp(Concat("$", Concat(J11, ".Search")) ,U$4:AB$780, 8, false) ) ) -> N/A | M11: i8g | N11: 24.902344 | O11: 1.9358529 | P11: =VLOOKUp(Concat("$", Concat(Q11, ".Search")) ,U$4:AB$780, 5, false) * VLOOKUp(Concat("$", Concat(Q11, ".Search")) ,U$4:AB$780, 6, false) * (1 - $C$12)/ VLOOKUp(Concat("$", Concat(Q11, ".Search")) ,U$4:AB$780, 4, false) -> 0 | Q11: c6a | R11: =if(P11=0, "N/A", P11) -> N/A | S11: =if(P11=0, "N/A", Abs(P11-$C$21)) -> N/A | U11: $c3.Search | V11: c3.2xlarge | W11: 8 | X11: 15 | Y11: 320 | Z11: =1/2 -> 0.5 | AA11: High | AB11: 213.16 | AD11: =if(Miscellaneous!E11*AWS!C$5> 256, "", Miscellaneous!E11*AWS!C$5) -> 9
B12: Disk Overprovisioning | C12: 0.15 | E12: Monthly Reserved rate | F12: =VLOOKUP(InstanceType,AWS!V4:AB780,7, False) -> 35.04 | H12: m6gd | I12: 3325.9 | J12: c6g | K12: =If(C$20 = 0, Ceiling(($C$19 / VLOOKUp(Concat("$", Concat(J12, ".Search")) ,U$4:AB$780, 4, false) * VLOOKUp(Concat("$", Concat(J12, ".Search")) ,U$4:AB$780, 8, false) / AZ),1) * AZ, If(VLOOKUp(Concat("$", Concat(J12, ".Search")) ,U$4:AB$780, 5, false) = 0 , "N/A", Max( Ceiling(($C$20 / (VLOOKUp(Concat("$", Concat(J12, ".Search")) ,U$4:AB$780, 5, false) * VLOOKUp(Concat("$", Concat(J12, ".Search")) ,U$4:AB$780, 6, false)* (1 - DiskOverprovisioning))) / AZ,1) * AZ , Ceiling(($C$19 / VLOOKUp(Concat("$", Concat(J12, ".Search")) ,U$4:AB$780, 4, false) / AZ),1) * AZ ) * VLOOKUp(Concat("$", Concat(J12, ".Search")) ,U$4:AB$780, 8, false) ) ) -> N/A | M12: g5 | N12: 16.822917 | O12: 10.01528 | P12: =VLOOKUp(Concat("$", Concat(Q12, ".Search")) ,U$4:AB$780, 5, false) * VLOOKUp(Concat("$", Concat(Q12, ".Search")) ,U$4:AB$780, 6, false) * (1 - $C$12)/ VLOOKUp(Concat("$", Concat(Q12, ".Search")) ,U$4:AB$780, 4, false) -> 0 | Q12: c6g | R12: =if(P12=0, "N/A", P12) -> N/A | S12: =if(P12=0, "N/A", Abs(P12-$C$21)) -> N/A | U12: $c3. | V12: c3.4xlarge | W12: 16 | X12: 30 | Y12: 320 | Z12: 1 | AA12: High | AB12: 426.32 | AD12: =if(Miscellaneous!E12*AWS!C$5> 256, "", Miscellaneous!E12*AWS!C$5) -> 10
H13: c7gd | I13: 3339 | J13: c6gd | K13: =If(C$20 = 0, Ceiling(($C$19 / VLOOKUp(Concat("$", Concat(J13, ".Search")) ,U$4:AB$780, 4, false) * VLOOKUp(Concat("$", Concat(J13, ".Search")) ,U$4:AB$780, 8, false) / AZ),1) * AZ, If(VLOOKUp(Concat("$", Concat(J13, ".Search")) ,U$4:AB$780, 5, false) = 0 , "N/A", Max( Ceiling(($C$20 / (VLOOKUp(Concat("$", Concat(J13, ".Search")) ,U$4:AB$780, 5, false) * VLOOKUp(Concat("$", Concat(J13, ".Search")) ,U$4:AB$780, 6, false)* (1 - DiskOverprovisioning))) / AZ,1) * AZ , Ceiling(($C$19 / VLOOKUp(Concat("$", Concat(J13, ".Search")) ,U$4:AB$780, 4, false) / AZ),1) * AZ ) * VLOOKUp(Concat("$", Concat(J13, ".Search")) ,U$4:AB$780, 8, false) ) ) -> 2825.8 | M13: c5ad | N13: 15.9375 | O13: 10.900697 | P13: =VLOOKUp(Concat("$", Concat(Q13, ".Search")) ,U$4:AB$780, 5, false) * VLOOKUp(Concat("$", Concat(Q13, ".Search")) ,U$4:AB$780, 6, false) * (1 - $C$12)/ VLOOKUp(Concat("$", Concat(Q13, ".Search")) ,U$4:AB$780, 4, false) -> 25.234375 | Q13: c6gd | R13: =if(P13=0, "N/A", P13) -> 25.234375 | S13: =if(P13=0, "N/A", Abs(P13-$C$21)) -> 1.6038217 | U13: $c3. | V13: c3.8xlarge | W13: 32 | X13: 60 | Y13: 320 | Z13: 2 | AA13: 10 Gigabit | AB13: 852.64 | AD13: =if(Miscellaneous!E13*AWS!C$5> 256, "", Miscellaneous!E13*AWS!C$5) -> 11
B14: Additional Resources Required for Resiliency | H14: is4gen | I14: 3443.16 | J14: c6gn | K14: =If(C$20 = 0, Ceiling(($C$19 / VLOOKUp(Concat("$", Concat(J14, ".Search")) ,U$4:AB$780, 4, false) * VLOOKUp(Concat("$", Concat(J14, ".Search")) ,U$4:AB$780, 8, false) / AZ),1) * AZ, If(VLOOKUp(Concat("$", Concat(J14, ".Search")) ,U$4:AB$780, 5, false) = 0 , "N/A", Max( Ceiling(($C$20 / (VLOOKUp(Concat("$", Concat(J14, ".Search")) ,U$4:AB$780, 5, false) * VLOOKUp(Concat("$", Concat(J14, ".Search")) ,U$4:AB$780, 6, false)* (1 - DiskOverprovisioning))) / AZ,1) * AZ , Ceiling(($C$19 / VLOOKUp(Concat("$", Concat(J14, ".Search")) ,U$4:AB$780, 4, false) / AZ),1) * AZ ) * VLOOKUp(Concat("$", Concat(J14, ".Search")) ,U$4:AB$780, 8, false) ) ) -> N/A | M14: m6gd | N14: 12.617188 | O14: 14.221009 | P14: =VLOOKUp(Concat("$", Concat(Q14, ".Search")) ,U$4:AB$780, 5, false) * VLOOKUp(Concat("$", Concat(Q14, ".Search")) ,U$4:AB$780, 6, false) * (1 - $C$12)/ VLOOKUp(Concat("$", Concat(Q14, ".Search")) ,U$4:AB$780, 4, false) -> 0 | Q14: c6gn | R14: =if(P14=0, "N/A", P14) -> N/A | S14: =if(P14=0, "N/A", Abs(P14-$C$21)) -> N/A | U14: $c4.Search | V14: c4.large | W14: 2 | X14: 3.75 | Y14: 0 | Z14: 0 | AA14: Moderate | AB14: 45.99 | AD14: =if(Miscellaneous!E14*AWS!C$5> 256, "", Miscellaneous!E14*AWS!C$5) -> 12
B15: Multiplier | C15: =Switch(ResiliencyTarget, "None", 1, "Rack/AZ", (AZ/(AZ-C6)), "Node", (InstanceCount/(InstanceCount-NodeFailure))) -> 1 | H15: c6id | I15: 3709.9 | J15: c6i | K15: =If(C$20 = 0, Ceiling(($C$19 / VLOOKUp(Concat("$", Concat(J15, ".Search")) ,U$4:AB$780, 4, false) * VLOOKUp(Concat("$", Concat(J15, ".Search")) ,U$4:AB$780, 8, false) / AZ),1) * AZ, If(VLOOKUp(Concat("$", Concat(J15, ".Search")) ,U$4:AB$780, 5, false) = 0 , "N/A", Max( Ceiling(($C$20 / (VLOOKUp(Concat("$", Concat(J15, ".Search")) ,U$4:AB$780, 5, false) * VLOOKUp(Concat("$", Concat(J15, ".Search")) ,U$4:AB$780, 6, false)* (1 - DiskOverprovisioning))) / AZ,1) * AZ , Ceiling(($C$19 / VLOOKUp(Concat("$", Concat(J15, ".Search")) ,U$4:AB$780, 4, false) / AZ),1) * AZ ) * VLOOKUp(Concat("$", Concat(J15, ".Search")) ,U$4:AB$780, 8, false) ) ) -> N/A | M15: m6id | N15: 12.617188 | O15: 14.221009 | P15: =VLOOKUp(Concat("$", Concat(Q15, ".Search")) ,U$4:AB$780, 5, false) * VLOOKUp(Concat("$", Concat(Q15, ".Search")) ,U$4:AB$780, 6, false) * (1 - $C$12)/ VLOOKUp(Concat("$", Concat(Q15, ".Search")) ,U$4:AB$780, 4, false) -> 0 | Q15: c6i | R15: =if(P15=0, "N/A", P15) -> N/A | S15: =if(P15=0, "N/A", Abs(P15-$C$21)) -> N/A | U15: $c4. | V15: c4.xlarge | W15: 4 | X15: 7.5 | Y15: 0 | Z15: 0 | AA15: High | AB15: 91.98 | AD15: =if(Miscellaneous!E15*AWS!C$5> 256, "", Miscellaneous!E15*AWS!C$5) -> 13
H16: c8gd | I16: 3770.6 | J16: c6id | K16: =If(C$20 = 0, Ceiling(($C$19 / VLOOKUp(Concat("$", Concat(J16, ".Search")) ,U$4:AB$780, 4, false) * VLOOKUp(Concat("$", Concat(J16, ".Search")) ,U$4:AB$780, 8, false) / AZ),1) * AZ, If(VLOOKUp(Concat("$", Concat(J16, ".Search")) ,U$4:AB$780, 5, false) = 0 , "N/A", Max( Ceiling(($C$20 / (VLOOKUp(Concat("$", Concat(J16, ".Search")) ,U$4:AB$780, 5, false) * VLOOKUp(Concat("$", Concat(J16, ".Search")) ,U$4:AB$780, 6, false)* (1 - DiskOverprovisioning))) / AZ,1) * AZ , Ceiling(($C$19 / VLOOKUp(Concat("$", Concat(J16, ".Search")) ,U$4:AB$780, 4, false) / AZ),1) * AZ ) * VLOOKUp(Concat("$", Concat(J16, ".Search")) ,U$4:AB$780, 8, false) ) ) -> 3709.9 | M16: m6idn | N16: 12.617188 | O16: 14.221009 | P16: =VLOOKUp(Concat("$", Concat(Q16, ".Search")) ,U$4:AB$780, 5, false) * VLOOKUp(Concat("$", Concat(Q16, ".Search")) ,U$4:AB$780, 6, false) * (1 - $C$12)/ VLOOKUp(Concat("$", Concat(Q16, ".Search")) ,U$4:AB$780, 4, false) -> 25.234375 | Q16: c6id | R16: =if(P16=0, "N/A", P16) -> 25.234375 | S16: =if(P16=0, "N/A", Abs(P16-$C$21)) -> 1.6038217 | U16: $c4. | V16: c4.2xlarge | W16: 8 | X16: 15 | Y16: 0 | Z16: 0 | AA16: High | AB16: 183.96 | AD16: =if(Miscellaneous!E16*AWS!C$5> 256, "", Miscellaneous!E16*AWS!C$5) -> 14
B17: Requirements | E17: Total Available Hardware Capacity | H17: m7gd | I17: 3928.9 | J17: c6in | K17: =If(C$20 = 0, Ceiling(($C$19 / VLOOKUp(Concat("$", Concat(J17, ".Search")) ,U$4:AB$780, 4, false) * VLOOKUp(Concat("$", Concat(J17, ".Search")) ,U$4:AB$780, 8, false) / AZ),1) * AZ, If(VLOOKUp(Concat("$", Concat(J17, ".Search")) ,U$4:AB$780, 5, false) = 0 , "N/A", Max( Ceiling(($C$20 / (VLOOKUp(Concat("$", Concat(J17, ".Search")) ,U$4:AB$780, 5, false) * VLOOKUp(Concat("$", Concat(J17, ".Search")) ,U$4:AB$780, 6, false)* (1 - DiskOverprovisioning))) / AZ,1) * AZ , Ceiling(($C$19 / VLOOKUp(Concat("$", Concat(J17, ".Search")) ,U$4:AB$780, 4, false) / AZ),1) * AZ ) * VLOOKUp(Concat("$", Concat(J17, ".Search")) ,U$4:AB$780, 8, false) ) ) -> N/A | M17: m7gd | N17: 12.617188 | O17: 14.221009 | P17: =VLOOKUp(Concat("$", Concat(Q17, ".Search")) ,U$4:AB$780, 5, false) * VLOOKUp(Concat("$", Concat(Q17, ".Search")) ,U$4:AB$780, 6, false) * (1 - $C$12)/ VLOOKUp(Concat("$", Concat(Q17, ".Search")) ,U$4:AB$780, 4, false) -> 0 | Q17: c6in | R17: =if(P17=0, "N/A", P17) -> N/A | S17: =if(P17=0, "N/A", Abs(P17-$C$21)) -> N/A | U17: $c4. | V17: c4.4xlarge | W17: 16 | X17: 30 | Y17: 0 | Z17: 0 | AA17: High | AB17: 367.92 | AD17: =if(Miscellaneous!E17*AWS!C$5> 256, "", Miscellaneous!E17*AWS!C$5) -> 15
B18: Hardware Requirements | E18: Ram and Disk Size | H18: r6gd | I18: 4238.4 | J18: c7a | K18: =If(C$20 = 0, Ceiling(($C$19 / VLOOKUp(Concat("$", Concat(J18, ".Search")) ,U$4:AB$780, 4, false) * VLOOKUp(Concat("$", Concat(J18, ".Search")) ,U$4:AB$780, 8, false) / AZ),1) * AZ, If(VLOOKUp(Concat("$", Concat(J18, ".Search")) ,U$4:AB$780, 5, false) = 0 , "N/A", Max( Ceiling(($C$20 / (VLOOKUp(Concat("$", Concat(J18, ".Search")) ,U$4:AB$780, 5, false) * VLOOKUp(Concat("$", Concat(J18, ".Search")) ,U$4:AB$780, 6, false)* (1 - DiskOverprovisioning))) / AZ,1) * AZ , Ceiling(($C$19 / VLOOKUp(Concat("$", Concat(J18, ".Search")) ,U$4:AB$780, 4, false) / AZ),1) * AZ ) * VLOOKUp(Concat("$", Concat(J18, ".Search")) ,U$4:AB$780, 8, false) ) ) -> N/A | M18: m8gd | N18: 12.617188 | O18: 14.221009 | P18: =VLOOKUp(Concat("$", Concat(Q18, ".Search")) ,U$4:AB$780, 5, false) * VLOOKUp(Concat("$", Concat(Q18, ".Search")) ,U$4:AB$780, 6, false) * (1 - $C$12)/ VLOOKUp(Concat("$", Concat(Q18, ".Search")) ,U$4:AB$780, 4, false) -> 0 | Q18: c7a | R18: =if(P18=0, "N/A", P18) -> N/A | S18: =if(P18=0, "N/A", Abs(P18-$C$21)) -> N/A | U18: $c4. | V18: c4.8xlarge | W18: 36 | X18: 60 | Y18: 0 | Z18: 0 | AA18: 10 Gigabit | AB18: 735.84 | AD18: =if(Miscellaneous!E18*AWS!C$5> 256, "", Miscellaneous!E18*AWS!C$5) -> 16
B19: =Workload!B62 -> Minimum Ram Required (GB) | C19: =MinRam * Multiplier -> 286.14396 | E19: Total RAM (GB) | F19: =InstanceCount*InstanceRamSize -> 15 | H19: m6id | I19: 4365.4 | J19: c7g | K19: =If(C$20 = 0, Ceiling(($C$19 / VLOOKUp(Concat("$", Concat(J19, ".Search")) ,U$4:AB$780, 4, false) * VLOOKUp(Concat("$", Concat(J19, ".Search")) ,U$4:AB$780, 8, false) / AZ),1) * AZ, If(VLOOKUp(Concat("$", Concat(J19, ".Search")) ,U$4:AB$780, 5, false) = 0 , "N/A", Max( Ceiling(($C$20 / (VLOOKUp(Concat("$", Concat(J19, ".Search")) ,U$4:AB$780, 5, false) * VLOOKUp(Concat("$", Concat(J19, ".Search")) ,U$4:AB$780, 6, false)* (1 - DiskOverprovisioning))) / AZ,1) * AZ , Ceiling(($C$19 / VLOOKUp(Concat("$", Concat(J19, ".Search")) ,U$4:AB$780, 4, false) / AZ),1) * AZ ) * VLOOKUp(Concat("$", Concat(J19, ".Search")) ,U$4:AB$780, 8, false) ) ) -> N/A | M19: c5d | N19: 10.625 | O19: 16.213197 | P19: =VLOOKUp(Concat("$", Concat(Q19, ".Search")) ,U$4:AB$780, 5, false) * VLOOKUp(Concat("$", Concat(Q19, ".Search")) ,U$4:AB$780, 6, false) * (1 - $C$12)/ VLOOKUp(Concat("$", Concat(Q19, ".Search")) ,U$4:AB$780, 4, false) -> 0 | Q19: c7g | R19: =if(P19=0, "N/A", P19) -> N/A | S19: =if(P19=0, "N/A", Abs(P19-$C$21)) -> N/A | U19: $c5.Search | V19: c5.large | W19: 2 | X19: 4 | Y19: 0 | Z19: 0 | AA19: Up to 10 Gigabit | AB19: 39.42 | AD19: =if(Miscellaneous!E19*AWS!C$5> 256, "", Miscellaneous!E19*AWS!C$5) -> 17
B20: =Workload!B63 -> Minimum Disk Required (GB) | C20: =MinDisk * Multiplier -> 7679.5879 | E20: Total DISK (GB) | F20: =InstanceCount*InstanceDiskSize * (1 - DiskOverprovisioning) -> 13.6 | H20: m8gd | I20: 4437.9 | J20: c7gd | K20: =If(C$20 = 0, Ceiling(($C$19 / VLOOKUp(Concat("$", Concat(J20, ".Search")) ,U$4:AB$780, 4, false) * VLOOKUp(Concat("$", Concat(J20, ".Search")) ,U$4:AB$780, 8, false) / AZ),1) * AZ, If(VLOOKUp(Concat("$", Concat(J20, ".Search")) ,U$4:AB$780, 5, false) = 0 , "N/A", Max( Ceiling(($C$20 / (VLOOKUp(Concat("$", Concat(J20, ".Search")) ,U$4:AB$780, 5, false) * VLOOKUp(Concat("$", Concat(J20, ".Search")) ,U$4:AB$780, 6, false)* (1 - DiskOverprovisioning))) / AZ,1) * AZ , Ceiling(($C$19 / VLOOKUp(Concat("$", Concat(J20, ".Search")) ,U$4:AB$780, 4, false) / AZ),1) * AZ ) * VLOOKUp(Concat("$", Concat(J20, ".Search")) ,U$4:AB$780, 8, false) ) ) -> 3339 | M20: c3 | N20: 9.0666667 | O20: 17.77153 | P20: =VLOOKUp(Concat("$", Concat(Q20, ".Search")) ,U$4:AB$780, 5, false) * VLOOKUp(Concat("$", Concat(Q20, ".Search")) ,U$4:AB$780, 6, false) * (1 - $C$12)/ VLOOKUp(Concat("$", Concat(Q20, ".Search")) ,U$4:AB$780, 4, false) -> 25.234375 | Q20: c7gd | R20: =if(P20=0, "N/A", P20) -> 25.234375 | S20: =if(P20=0, "N/A", Abs(P20-$C$21)) -> 1.6038217 | U20: $c5. | V20: c5.xlarge | W20: 4 | X20: 8 | Y20: 0 | Z20: 0 | AA20: Up to 10 Gigabit | AB20: 78.11 | AD20: =if(Miscellaneous!E20*AWS!C$5> 256, "", Miscellaneous!E20*AWS!C$5) -> 18
B21: =Workload!B64 -> Disk to Ram Ratio | C21: =DomainModelDiskToRamRatio -> 26.838197 | E21: Disk to Ram Ratio | F21: =TotalGuaranteedDisk/TotalGuaranteedRam -> 0.90666667 | H21: r7gd | I21: 4994.7 | J21: c7gn | K21: =If(C$20 = 0, Ceiling(($C$19 / VLOOKUp(Concat("$", Concat(J21, ".Search")) ,U$4:AB$780, 4, false) * VLOOKUp(Concat("$", Concat(J21, ".Search")) ,U$4:AB$780, 8, false) / AZ),1) * AZ, If(VLOOKUp(Concat("$", Concat(J21, ".Search")) ,U$4:AB$780, 5, false) = 0 , "N/A", Max( Ceiling(($C$20 / (VLOOKUp(Concat("$", Concat(J21, ".Search")) ,U$4:AB$780, 5, false) * VLOOKUp(Concat("$", Concat(J21, ".Search")) ,U$4:AB$780, 6, false)* (1 - DiskOverprovisioning))) / AZ,1) * AZ , Ceiling(($C$19 / VLOOKUp(Concat("$", Concat(J21, ".Search")) ,U$4:AB$780, 4, false) / AZ),1) * AZ ) * VLOOKUp(Concat("$", Concat(J21, ".Search")) ,U$4:AB$780, 8, false) ) ) -> N/A | M21: g4ad | N21: 7.96875 | O21: 18.869447 | P21: =VLOOKUp(Concat("$", Concat(Q21, ".Search")) ,U$4:AB$780, 5, false) * VLOOKUp(Concat("$", Concat(Q21, ".Search")) ,U$4:AB$780, 6, false) * (1 - $C$12)/ VLOOKUp(Concat("$", Concat(Q21, ".Search")) ,U$4:AB$780, 4, false) -> 0 | Q21: c7gn | R21: =if(P21=0, "N/A", P21) -> N/A | S21: =if(P21=0, "N/A", Abs(P21-$C$21)) -> N/A | U21: $c5. | V21: c5.2xlarge | W21: 8 | X21: 16 | Y21: 0 | Z21: 0 | AA21: Up to 10 Gigabit | AB21: 156.22 | AD21: =if(Miscellaneous!E21*AWS!C$5> 256, "", Miscellaneous!E21*AWS!C$5) -> 19
B22: =Workload!B92 -> Throughput | E22: Throughput and IOPS | H22: c5ad | I22: 5063.28 | J22: c7i-flex | K22: =If(C$20 = 0, Ceiling(($C$19 / VLOOKUp(Concat("$", Concat(J22, ".Search")) ,U$4:AB$780, 4, false) * VLOOKUp(Concat("$", Concat(J22, ".Search")) ,U$4:AB$780, 8, false) / AZ),1) * AZ, If(VLOOKUp(Concat("$", Concat(J22, ".Search")) ,U$4:AB$780, 5, false) = 0 , "N/A", Max( Ceiling(($C$20 / (VLOOKUp(Concat("$", Concat(J22, ".Search")) ,U$4:AB$780, 5, false) * VLOOKUp(Concat("$", Concat(J22, ".Search")) ,U$4:AB$780, 6, false)* (1 - DiskOverprovisioning))) / AZ,1) * AZ , Ceiling(($C$19 / VLOOKUp(Concat("$", Concat(J22, ".Search")) ,U$4:AB$780, 4, false) / AZ),1) * AZ ) * VLOOKUp(Concat("$", Concat(J22, ".Search")) ,U$4:AB$780, 8, false) ) ) -> N/A | M22: m5ad | N22: 7.96875 | O22: 18.869447 | P22: =VLOOKUp(Concat("$", Concat(Q22, ".Search")) ,U$4:AB$780, 5, false) * VLOOKUp(Concat("$", Concat(Q22, ".Search")) ,U$4:AB$780, 6, false) * (1 - $C$12)/ VLOOKUp(Concat("$", Concat(Q22, ".Search")) ,U$4:AB$780, 4, false) -> 0 | Q22: c7i-flex | R22: =if(P22=0, "N/A", P22) -> N/A | S22: =if(P22=0, "N/A", Abs(P22-$C$21)) -> N/A | U22: $c5. | V22: c5.4xlarge | W22: 16 | X22: 32 | Y22: 0 | Z22: 0 | AA22: Up to 10 Gigabit | AB22: 312.44 | AD22: =if(Miscellaneous!E22*AWS!C$5> 256, "", Miscellaneous!E22*AWS!C$5) -> 20
B23: Peak Throughput (MB/s) | C23: =(PeakDiskReadThroughput + PeakDiskWriteThroughput) * Multiplier -> 4155.2734 | E23: Peak Throughput (MB/s) | F23: =InstanceThroughput*InstanceCount -> 300 | H23: r6id | I23: 5549.5 | J23: c7i | K23: =If(C$20 = 0, Ceiling(($C$19 / VLOOKUp(Concat("$", Concat(J23, ".Search")) ,U$4:AB$780, 4, false) * VLOOKUp(Concat("$", Concat(J23, ".Search")) ,U$4:AB$780, 8, false) / AZ),1) * AZ, If(VLOOKUp(Concat("$", Concat(J23, ".Search")) ,U$4:AB$780, 5, false) = 0 , "N/A", Max( Ceiling(($C$20 / (VLOOKUp(Concat("$", Concat(J23, ".Search")) ,U$4:AB$780, 5, false) * VLOOKUp(Concat("$", Concat(J23, ".Search")) ,U$4:AB$780, 6, false)* (1 - DiskOverprovisioning))) / AZ,1) * AZ , Ceiling(($C$19 / VLOOKUp(Concat("$", Concat(J23, ".Search")) ,U$4:AB$780, 4, false) / AZ),1) * AZ ) * VLOOKUp(Concat("$", Concat(J23, ".Search")) ,U$4:AB$780, 8, false) ) ) -> N/A | M23: m5d | N23: 7.96875 | O23: 18.869447 | P23: =VLOOKUp(Concat("$", Concat(Q23, ".Search")) ,U$4:AB$780, 5, false) * VLOOKUp(Concat("$", Concat(Q23, ".Search")) ,U$4:AB$780, 6, false) * (1 - $C$12)/ VLOOKUp(Concat("$", Concat(Q23, ".Search")) ,U$4:AB$780, 4, false) -> 0 | Q23: c7i | R23: =if(P23=0, "N/A", P23) -> N/A | S23: =if(P23=0, "N/A", Abs(P23-$C$21)) -> N/A | U23: $c5. | V23: c5.9xlarge | W23: 36 | X23: 72 | Y23: 0 | Z23: 0 | AA23: 12 Gigabit | AB23: 703.72 | AD23: =if(Miscellaneous!E23*AWS!C$5> 256, "", Miscellaneous!E23*AWS!C$5) -> 21
B24: Peak IOPS (K) | C24: =(PeakReadIOPS + PeakWriteIOPS*RF_1)*Multiplier -> 1196.608 | E24: Estimated IOPS (K) | F24: =InstanceIOPS*InstanceCount -> 64 | H24: r8gd | I24: 5655.5 | J24: c8g | K24: =If(C$20 = 0, Ceiling(($C$19 / VLOOKUp(Concat("$", Concat(J24, ".Search")) ,U$4:AB$780, 4, false) * VLOOKUp(Concat("$", Concat(J24, ".Search")) ,U$4:AB$780, 8, false) / AZ),1) * AZ, If(VLOOKUp(Concat("$", Concat(J24, ".Search")) ,U$4:AB$780, 5, false) = 0 , "N/A", Max( Ceiling(($C$20 / (VLOOKUp(Concat("$", Concat(J24, ".Search")) ,U$4:AB$780, 5, false) * VLOOKUp(Concat("$", Concat(J24, ".Search")) ,U$4:AB$780, 6, false)* (1 - DiskOverprovisioning))) / AZ,1) * AZ , Ceiling(($C$19 / VLOOKUp(Concat("$", Concat(J24, ".Search")) ,U$4:AB$780, 4, false) / AZ),1) * AZ ) * VLOOKUp(Concat("$", Concat(J24, ".Search")) ,U$4:AB$780, 8, false) ) ) -> N/A | M24: m5dn | N24: 7.96875 | O24: 18.869447 | P24: =VLOOKUp(Concat("$", Concat(Q24, ".Search")) ,U$4:AB$780, 5, false) * VLOOKUp(Concat("$", Concat(Q24, ".Search")) ,U$4:AB$780, 6, false) * (1 - $C$12)/ VLOOKUp(Concat("$", Concat(Q24, ".Search")) ,U$4:AB$780, 4, false) -> 0 | Q24: c8g | R24: =if(P24=0, "N/A", P24) -> N/A | S24: =if(P24=0, "N/A", Abs(P24-$C$21)) -> N/A | U24: $c5. | V24: c5.12xlarge | W24: 48 | X24: 96 | Y24: 0 | Z24: 0 | AA24: 12 Gigabit | AB24: 938.05 | AD24: =if(Miscellaneous!E24*AWS!C$5> 256, "", Miscellaneous!E24*AWS!C$5) -> 22
B25: Cache Size | E25: Other | H25: m6idn | I25: 5854.3 | J25: c8gd | K25: =If(C$20 = 0, Ceiling(($C$19 / VLOOKUp(Concat("$", Concat(J25, ".Search")) ,U$4:AB$780, 4, false) * VLOOKUp(Concat("$", Concat(J25, ".Search")) ,U$4:AB$780, 8, false) / AZ),1) * AZ, If(VLOOKUp(Concat("$", Concat(J25, ".Search")) ,U$4:AB$780, 5, false) = 0 , "N/A", Max( Ceiling(($C$20 / (VLOOKUp(Concat("$", Concat(J25, ".Search")) ,U$4:AB$780, 5, false) * VLOOKUp(Concat("$", Concat(J25, ".Search")) ,U$4:AB$780, 6, false)* (1 - DiskOverprovisioning))) / AZ,1) * AZ , Ceiling(($C$19 / VLOOKUp(Concat("$", Concat(J25, ".Search")) ,U$4:AB$780, 4, false) / AZ),1) * AZ ) * VLOOKUp(Concat("$", Concat(J25, ".Search")) ,U$4:AB$780, 8, false) ) ) -> 3770.6 | M25: r6gd | N25: 6.3085938 | O25: 20.529603 | P25: =VLOOKUp(Concat("$", Concat(Q25, ".Search")) ,U$4:AB$780, 5, false) * VLOOKUp(Concat("$", Concat(Q25, ".Search")) ,U$4:AB$780, 6, false) * (1 - $C$12)/ VLOOKUp(Concat("$", Concat(Q25, ".Search")) ,U$4:AB$780, 4, false) -> 25.234375 | Q25: c8gd | R25: =if(P25=0, "N/A", P25) -> 25.234375 | S25: =if(P25=0, "N/A", Abs(P25-$C$21)) -> 1.6038217 | U25: $c5. | V25: c5.18xlarge | W25: 72 | X25: 144 | Y25: 0 | Z25: 0 | AA25: 25 Gigabit | AB25: 1407.44 | AD25: =if(Miscellaneous!E25*AWS!C$5> 256, "", Miscellaneous!E25*AWS!C$5) -> 23
B26: Page Cache Size for On-Disk SI (GB) | C26: =PageCacheSize -> 0 | E26: Number of CPUs | F26: =InstanceCount*InstanceCpuCount -> 4 | H26: x2gd | I26: 6010.1 | J26: g4ad | K26: =If(C$20 = 0, Ceiling(($C$19 / VLOOKUp(Concat("$", Concat(J26, ".Search")) ,U$4:AB$780, 4, false) * VLOOKUp(Concat("$", Concat(J26, ".Search")) ,U$4:AB$780, 8, false) / AZ),1) * AZ, If(VLOOKUp(Concat("$", Concat(J26, ".Search")) ,U$4:AB$780, 5, false) = 0 , "N/A", Max( Ceiling(($C$20 / (VLOOKUp(Concat("$", Concat(J26, ".Search")) ,U$4:AB$780, 5, false) * VLOOKUp(Concat("$", Concat(J26, ".Search")) ,U$4:AB$780, 6, false)* (1 - DiskOverprovisioning))) / AZ,1) * AZ , Ceiling(($C$19 / VLOOKUp(Concat("$", Concat(J26, ".Search")) ,U$4:AB$780, 4, false) / AZ),1) * AZ ) * VLOOKUp(Concat("$", Concat(J26, ".Search")) ,U$4:AB$780, 8, false) ) ) -> 6379.68 | M26: r6id | N26: 6.3085938 | O26: 20.529603 | P26: =VLOOKUp(Concat("$", Concat(Q26, ".Search")) ,U$4:AB$780, 5, false) * VLOOKUp(Concat("$", Concat(Q26, ".Search")) ,U$4:AB$780, 6, false) * (1 - $C$12)/ VLOOKUp(Concat("$", Concat(Q26, ".Search")) ,U$4:AB$780, 4, false) -> 7.96875 | Q26: g4ad | R26: =if(P26=0, "N/A", P26) -> 7.96875 | S26: =if(P26=0, "N/A", Abs(P26-$C$21)) -> 18.869447 | U26: $c5. | V26: c5.24xlarge | W26: 96 | X26: 192 | Y26: 0 | Z26: 0 | AA26: 25 Gigabit | AB26: 1876.1 | AD26: =if(Miscellaneous!E26*AWS!C$5> 256, "", Miscellaneous!E26*AWS!C$5) -> 25
E27: Number of Disks | F27: =InstanceDiskCount*InstanceCount -> 0.2 | H27: m5ad | I27: 6061.92 | J27: g4dn | K27: =If(C$20 = 0, Ceiling(($C$19 / VLOOKUp(Concat("$", Concat(J27, ".Search")) ,U$4:AB$780, 4, false) * VLOOKUp(Concat("$", Concat(J27, ".Search")) ,U$4:AB$780, 8, false) / AZ),1) * AZ, If(VLOOKUp(Concat("$", Concat(J27, ".Search")) ,U$4:AB$780, 5, false) = 0 , "N/A", Max( Ceiling(($C$20 / (VLOOKUp(Concat("$", Concat(J27, ".Search")) ,U$4:AB$780, 5, false) * VLOOKUp(Concat("$", Concat(J27, ".Search")) ,U$4:AB$780, 6, false)* (1 - DiskOverprovisioning))) / AZ,1) * AZ , Ceiling(($C$19 / VLOOKUp(Concat("$", Concat(J27, ".Search")) ,U$4:AB$780, 4, false) / AZ),1) * AZ ) * VLOOKUp(Concat("$", Concat(J27, ".Search")) ,U$4:AB$780, 8, false) ) ) -> 22716.87 | M27: r6idn | N27: 6.3085938 | O27: 20.529603 | P27: =VLOOKUp(Concat("$", Concat(Q27, ".Search")) ,U$4:AB$780, 5, false) * VLOOKUp(Concat("$", Concat(Q27, ".Search")) ,U$4:AB$780, 6, false) * (1 - $C$12)/ VLOOKUp(Concat("$", Concat(Q27, ".Search")) ,U$4:AB$780, 4, false) -> 2.9882812 | Q27: g4dn | R27: =if(P27=0, "N/A", P27) -> 2.9882812 | S27: =if(P27=0, "N/A", Abs(P27-$C$21)) -> 23.849915 | U27: $c5a.Search | V27: c5a.large | W27: 2 | X27: 4 | Y27: 0 | Z27: 0 | AA27: Up to 10 Gigabit | AB27: 35.77 | AD27: =if(Miscellaneous!E27*AWS!C$5> 256, "", Miscellaneous!E27*AWS!C$5) -> 26
B28: AWS Networking | H28: g4ad | I28: 6379.68 | J28: g5 | K28: =If(C$20 = 0, Ceiling(($C$19 / VLOOKUp(Concat("$", Concat(J28, ".Search")) ,U$4:AB$780, 4, false) * VLOOKUp(Concat("$", Concat(J28, ".Search")) ,U$4:AB$780, 8, false) / AZ),1) * AZ, If(VLOOKUp(Concat("$", Concat(J28, ".Search")) ,U$4:AB$780, 5, false) = 0 , "N/A", Max( Ceiling(($C$20 / (VLOOKUp(Concat("$", Concat(J28, ".Search")) ,U$4:AB$780, 5, false) * VLOOKUp(Concat("$", Concat(J28, ".Search")) ,U$4:AB$780, 6, false)* (1 - DiskOverprovisioning))) / AZ,1) * AZ , Ceiling(($C$19 / VLOOKUp(Concat("$", Concat(J28, ".Search")) ,U$4:AB$780, 4, false) / AZ),1) * AZ ) * VLOOKUp(Concat("$", Concat(J28, ".Search")) ,U$4:AB$780, 8, false) ) ) -> 7825.65 | M28: r7gd | N28: 6.3085938 | O28: 20.529603 | P28: =VLOOKUp(Concat("$", Concat(Q28, ".Search")) ,U$4:AB$780, 5, false) * VLOOKUp(Concat("$", Concat(Q28, ".Search")) ,U$4:AB$780, 6, false) * (1 - $C$12)/ VLOOKUp(Concat("$", Concat(Q28, ".Search")) ,U$4:AB$780, 4, false) -> 16.822917 | Q28: g5 | R28: =if(P28=0, "N/A", P28) -> 16.822917 | S28: =if(P28=0, "N/A", Abs(P28-$C$21)) -> 10.01528 | U28: $c5a. | V28: c5a.xlarge | W28: 4 | X28: 8 | Y28: 0 | Z28: 0 | AA28: Up to 10 Gigabit | AB28: 70.81 | AD28: =if(Miscellaneous!E28*AWS!C$5> 256, "", Miscellaneous!E28*AWS!C$5) -> 27
B29: Between AZ Egress | H29: m5d | I29: 6657.6 | J29: g5g | K29: =If(C$20 = 0, Ceiling(($C$19 / VLOOKUp(Concat("$", Concat(J29, ".Search")) ,U$4:AB$780, 4, false) * VLOOKUp(Concat("$", Concat(J29, ".Search")) ,U$4:AB$780, 8, false) / AZ),1) * AZ, If(VLOOKUp(Concat("$", Concat(J29, ".Search")) ,U$4:AB$780, 5, false) = 0 , "N/A", Max( Ceiling(($C$20 / (VLOOKUp(Concat("$", Concat(J29, ".Search")) ,U$4:AB$780, 5, false) * VLOOKUp(Concat("$", Concat(J29, ".Search")) ,U$4:AB$780, 6, false)* (1 - DiskOverprovisioning))) / AZ,1) * AZ , Ceiling(($C$19 / VLOOKUp(Concat("$", Concat(J29, ".Search")) ,U$4:AB$780, 4, false) / AZ),1) * AZ ) * VLOOKUp(Concat("$", Concat(J29, ".Search")) ,U$4:AB$780, 8, false) ) ) -> N/A | M29: r8gd | N29: 6.3085938 | O29: 20.529603 | P29: =VLOOKUp(Concat("$", Concat(Q29, ".Search")) ,U$4:AB$780, 5, false) * VLOOKUp(Concat("$", Concat(Q29, ".Search")) ,U$4:AB$780, 6, false) * (1 - $C$12)/ VLOOKUp(Concat("$", Concat(Q29, ".Search")) ,U$4:AB$780, 4, false) -> 0 | Q29: g5g | R29: =if(P29=0, "N/A", P29) -> N/A | S29: =if(P29=0, "N/A", Abs(P29-$C$21)) -> N/A | U29: $c5a. | V29: c5a.2xlarge | W29: 8 | X29: 16 | Y29: 0 | Z29: 0 | AA29: Up to 10 Gigabit | AB29: 141.62 | AD29: =if(Miscellaneous!E29*AWS!C$5> 256, "", Miscellaneous!E29*AWS!C$5) -> 28
B30: Write Request Egress Size(GB) | C30: =(If(AZ=1, 0, ((AZ-1)/AZ) * (AvgRecordSize1*AvgObjWPS1*SecondsInAYear + AvgRecordSize2*AvgObjWPS2*SecondsInAYear + AvgRecordSize3*AvgObjWPS3*SecondsInAYear + AvgRecordSize4*AvgObjWPS4*SecondsInAYear + AvgRecordSize5*AvgObjWPS5*SecondsInAYear) ) /GB) -> 0 | H30: r6idn | I30: 7188.8 | J30: g6 | K30: =If(C$20 = 0, Ceiling(($C$19 / VLOOKUp(Concat("$", Concat(J30, ".Search")) ,U$4:AB$780, 4, false) * VLOOKUp(Concat("$", Concat(J30, ".Search")) ,U$4:AB$780, 8, false) / AZ),1) * AZ, If(VLOOKUp(Concat("$", Concat(J30, ".Search")) ,U$4:AB$780, 5, false) = 0 , "N/A", Max( Ceiling(($C$20 / (VLOOKUp(Concat("$", Concat(J30, ".Search")) ,U$4:AB$780, 5, false) * VLOOKUp(Concat("$", Concat(J30, ".Search")) ,U$4:AB$780, 6, false)* (1 - DiskOverprovisioning))) / AZ,1) * AZ , Ceiling(($C$19 / VLOOKUp(Concat("$", Concat(J30, ".Search")) ,U$4:AB$780, 4, false) / AZ),1) * AZ ) * VLOOKUp(Concat("$", Concat(J30, ".Search")) ,U$4:AB$780, 8, false) ) ) -> 9573 | M30: g6 | N30: 6.2421875 | O30: 20.596009 | P30: =VLOOKUp(Concat("$", Concat(Q30, ".Search")) ,U$4:AB$780, 5, false) * VLOOKUp(Concat("$", Concat(Q30, ".Search")) ,U$4:AB$780, 6, false) * (1 - $C$12)/ VLOOKUp(Concat("$", Concat(Q30, ".Search")) ,U$4:AB$780, 4, false) -> 6.2421875 | Q30: g6 | R30: =if(P30=0, "N/A", P30) -> 6.2421875 | S30: =if(P30=0, "N/A", Abs(P30-$C$21)) -> 20.596009 | U30: $c5a. | V30: c5a.4xlarge | W30: 16 | X30: 32 | Y30: 0 | Z30: 0 | AA30: Up to 10 Gigabit | AB30: 283.24 | AD30: =if(Miscellaneous!E30*AWS!C$5> 256, "", Miscellaneous!E30*AWS!C$5) -> 29
B31: Write Replication Egress Size (GB) | C31: =(IF(AZ=1, 0, (RF_1-1) * (AvgRecordSize1*AvgObjWPS1*SecondsInAYear + AvgRecordSize2*AvgObjWPS2*SecondsInAYear + AvgRecordSize3*AvgObjWPS3*SecondsInAYear + AvgRecordSize4*AvgObjWPS4*SecondsInAYear + AvgRecordSize5*AvgObjWPS5*SecondsInAYear))/GB) -> 0 | H31: r5ad | I31: 7708.8 | J31: g6e | K31: =If(C$20 = 0, Ceiling(($C$19 / VLOOKUp(Concat("$", Concat(J31, ".Search")) ,U$4:AB$780, 4, false) * VLOOKUp(Concat("$", Concat(J31, ".Search")) ,U$4:AB$780, 8, false) / AZ),1) * AZ, If(VLOOKUp(Concat("$", Concat(J31, ".Search")) ,U$4:AB$780, 5, false) = 0 , "N/A", Max( Ceiling(($C$20 / (VLOOKUp(Concat("$", Concat(J31, ".Search")) ,U$4:AB$780, 5, false) * VLOOKUp(Concat("$", Concat(J31, ".Search")) ,U$4:AB$780, 6, false)* (1 - DiskOverprovisioning))) / AZ,1) * AZ , Ceiling(($C$19 / VLOOKUp(Concat("$", Concat(J31, ".Search")) ,U$4:AB$780, 4, false) / AZ),1) * AZ ) * VLOOKUp(Concat("$", Concat(J31, ".Search")) ,U$4:AB$780, 8, false) ) ) -> 22909.48 | M31: m3 | N31: 4.5333333 | O31: 22.304863 | P31: =VLOOKUp(Concat("$", Concat(Q31, ".Search")) ,U$4:AB$780, 5, false) * VLOOKUp(Concat("$", Concat(Q31, ".Search")) ,U$4:AB$780, 6, false) * (1 - $C$12)/ VLOOKUp(Concat("$", Concat(Q31, ".Search")) ,U$4:AB$780, 4, false) -> 2.9882812 | Q31: g6e | R31: =if(P31=0, "N/A", P31) -> 2.9882812 | S31: =if(P31=0, "N/A", Abs(P31-$C$21)) -> 23.849915 | U31: $c5a. | V31: c5a.8xlarge | W31: 32 | X31: 64 | Y31: 0 | Z31: 0 | AA31: 10 Gigabit | AB31: 566.48 | AD31: =if(Miscellaneous!E31*AWS!C$5> 256, "", Miscellaneous!E31*AWS!C$5) -> 30
B32: Read Request Egress Size (GB) | C32: =IF(AZ=1, 0, If(ReadFromNearAZ, IF(RF_1 >= AZ, 0, ((AZ-RF_1)/AZ)), (AZ-1)/AZ)) * (AvgRecordSize1*AvgObjRPS1*(1-NotFoundRate1)*SecondsInAYear + AvgRecordSize2*AvgObjRPS2*(1-NotFoundRate2)*SecondsInAYear + AvgRecordSize3*AvgObjRPS3*(1-NotFoundRate3)*SecondsInAYear + AvgRecordSize4*AvgObjRPS4*(1-NotFoundRate4)*SecondsInAYear + AvgRecordSize5*AvgObjRPS5*(1-NotFoundRate5)*SecondsInAYear )/GB -> 0 | H32: g5 | I32: 7825.65 | J32: gr6 | K32: =If(C$20 = 0, Ceiling(($C$19 / VLOOKUp(Concat("$", Concat(J32, ".Search")) ,U$4:AB$780, 4, false) * VLOOKUp(Concat("$", Concat(J32, ".Search")) ,U$4:AB$780, 8, false) / AZ),1) * AZ, If(VLOOKUp(Concat("$", Concat(J32, ".Search")) ,U$4:AB$780, 5, false) = 0 , "N/A", Max( Ceiling(($C$20 / (VLOOKUp(Concat("$", Concat(J32, ".Search")) ,U$4:AB$780, 5, false) * VLOOKUp(Concat("$", Concat(J32, ".Search")) ,U$4:AB$780, 6, false)* (1 - DiskOverprovisioning))) / AZ,1) * AZ , Ceiling(($C$19 / VLOOKUp(Concat("$", Concat(J32, ".Search")) ,U$4:AB$780, 4, false) / AZ),1) * AZ ) * VLOOKUp(Concat("$", Concat(J32, ".Search")) ,U$4:AB$780, 8, false) ) ) -> 11703.52 | M32: gr6 | N32: 3.984375 | O32: 22.853822 | P32: =VLOOKUp(Concat("$", Concat(Q32, ".Search")) ,U$4:AB$780, 5, false) * VLOOKUp(Concat("$", Concat(Q32, ".Search")) ,U$4:AB$780, 6, false) * (1 - $C$12)/ VLOOKUp(Concat("$", Concat(Q32, ".Search")) ,U$4:AB$780, 4, false) -> 3.984375 | Q32: gr6 | R32: =if(P32=0, "N/A", P32) -> 3.984375 | S32: =if(P32=0, "N/A", Abs(P32-$C$21)) -> 22.853822 | U32: $c5a. | V32: c5a.12xlarge | W32: 48 | X32: 96 | Y32: 0 | Z32: 0 | AA32: 12 Gigabit | AB32: 849.72 | AD32: =if(Miscellaneous!E32*AWS!C$5> 256, "", Miscellaneous!E32*AWS!C$5) -> 31
B33: Cost | H33: m5dn | I33: 8000.8 | J33: hpc7g | K33: =If(C$20 = 0, Ceiling(($C$19 / VLOOKUp(Concat("$", Concat(J33, ".Search")) ,U$4:AB$780, 4, false) * VLOOKUp(Concat("$", Concat(J33, ".Search")) ,U$4:AB$780, 8, false) / AZ),1) * AZ, If(VLOOKUp(Concat("$", Concat(J33, ".Search")) ,U$4:AB$780, 5, false) = 0 , "N/A", Max( Ceiling(($C$20 / (VLOOKUp(Concat("$", Concat(J33, ".Search")) ,U$4:AB$780, 5, false) * VLOOKUp(Concat("$", Concat(J33, ".Search")) ,U$4:AB$780, 6, false)* (1 - DiskOverprovisioning))) / AZ,1) * AZ , Ceiling(($C$19 / VLOOKUp(Concat("$", Concat(J33, ".Search")) ,U$4:AB$780, 4, false) / AZ),1) * AZ ) * VLOOKUp(Concat("$", Concat(J33, ".Search")) ,U$4:AB$780, 8, false) ) ) -> N/A | M33: r5ad | N33: 3.984375 | O33: 22.853822 | P33: =VLOOKUp(Concat("$", Concat(Q33, ".Search")) ,U$4:AB$780, 5, false) * VLOOKUp(Concat("$", Concat(Q33, ".Search")) ,U$4:AB$780, 6, false) * (1 - $C$12)/ VLOOKUp(Concat("$", Concat(Q33, ".Search")) ,U$4:AB$780, 4, false) -> 0 | Q33: hpc7g | R33: =if(P33=0, "N/A", P33) -> N/A | S33: =if(P33=0, "N/A", Abs(P33-$C$21)) -> N/A | U33: $c5a. | V33: c5a.16xlarge | W33: 64 | X33: 128 | Y33: 0 | Z33: 0 | AA33: 20 Gigabit | AB33: 1132.96 | AD33: =if(Miscellaneous!E33*AWS!C$5> 256, "", Miscellaneous!E33*AWS!C$5) -> 32
B34: AZ Data Transfer Cost Per GB | C34: 0.01 | H34: r5d | I34: 8479.68 | J34: i3 | K34: =If(C$20 = 0, Ceiling(($C$19 / VLOOKUp(Concat("$", Concat(J34, ".Search")) ,U$4:AB$780, 4, false) * VLOOKUp(Concat("$", Concat(J34, ".Search")) ,U$4:AB$780, 8, false) / AZ),1) * AZ, If(VLOOKUp(Concat("$", Concat(J34, ".Search")) ,U$4:AB$780, 5, false) = 0 , "N/A", Max( Ceiling(($C$20 / (VLOOKUp(Concat("$", Concat(J34, ".Search")) ,U$4:AB$780, 5, false) * VLOOKUp(Concat("$", Concat(J34, ".Search")) ,U$4:AB$780, 6, false)* (1 - DiskOverprovisioning))) / AZ,1) * AZ , Ceiling(($C$19 / VLOOKUp(Concat("$", Concat(J34, ".Search")) ,U$4:AB$780, 4, false) / AZ),1) * AZ ) * VLOOKUp(Concat("$", Concat(J34, ".Search")) ,U$4:AB$780, 8, false) ) ) -> 1562.2 | M34: r5d | N34: 3.984375 | O34: 22.853822 | P34: =VLOOKUp(Concat("$", Concat(Q34, ".Search")) ,U$4:AB$780, 5, false) * VLOOKUp(Concat("$", Concat(Q34, ".Search")) ,U$4:AB$780, 6, false) * (1 - $C$12)/ VLOOKUp(Concat("$", Concat(Q34, ".Search")) ,U$4:AB$780, 4, false) -> 26.47541 | Q34: i3 | R34: =if(P34=0, "N/A", P34) -> 26.47541 | S34: =if(P34=0, "N/A", Abs(P34-$C$21)) -> 0.36278683 | U34: $c5a. | V34: c5a.24xlarge | W34: 96 | X34: 192 | Y34: 0 | Z34: 0 | AA34: 20 Gigabit | AB34: 1699.44 | AD34: =if(Miscellaneous!E34*AWS!C$5> 256, "", Miscellaneous!E34*AWS!C$5) -> 33
B35: Annual Write Egress Cost | C35: =(AZTransferByWrite+AZTransferByWriteReplication)*AZTransferCost -> 0 | H35: c5d | I35: 8744.67 | J35: i3en | K35: =If(C$20 = 0, Ceiling(($C$19 / VLOOKUp(Concat("$", Concat(J35, ".Search")) ,U$4:AB$780, 4, false) * VLOOKUp(Concat("$", Concat(J35, ".Search")) ,U$4:AB$780, 8, false) / AZ),1) * AZ, If(VLOOKUp(Concat("$", Concat(J35, ".Search")) ,U$4:AB$780, 5, false) = 0 , "N/A", Max( Ceiling(($C$20 / (VLOOKUp(Concat("$", Concat(J35, ".Search")) ,U$4:AB$780, 5, false) * VLOOKUp(Concat("$", Concat(J35, ".Search")) ,U$4:AB$780, 6, false)* (1 - DiskOverprovisioning))) / AZ,1) * AZ , Ceiling(($C$19 / VLOOKUp(Concat("$", Concat(J35, ".Search")) ,U$4:AB$780, 4, false) / AZ),1) * AZ ) * VLOOKUp(Concat("$", Concat(J35, ".Search")) ,U$4:AB$780, 8, false) ) ) -> 2023.56 | M35: r5dn | N35: 3.984375 | O35: 22.853822 | P35: =VLOOKUp(Concat("$", Concat(Q35, ".Search")) ,U$4:AB$780, 5, false) * VLOOKUp(Concat("$", Concat(Q35, ".Search")) ,U$4:AB$780, 6, false) * (1 - $C$12)/ VLOOKUp(Concat("$", Concat(Q35, ".Search")) ,U$4:AB$780, 4, false) -> 66.40625 | Q35: i3en | R35: =if(P35=0, "N/A", P35) -> 66.40625 | S35: =if(P35=0, "N/A", Abs(P35-$C$21)) -> 39.568053 | U35: $c5ad. | V35: c5ad.large | W35: 2 | X35: 4 | Y35: 1900 | Z35: =Z36/2 -> 0.039473684 | AA35: Up to 10 Gigabit | AB35: 39.42 | AD35: =if(Miscellaneous!E35*AWS!C$5> 256, "", Miscellaneous!E35*AWS!C$5) -> 34
B36: Annual Read Egress Cost | C36: =AZTransferByRead*AZTransferCost -> 0 | H36: g6 | I36: 9573 | J36: i4g | K36: =If(C$20 = 0, Ceiling(($C$19 / VLOOKUp(Concat("$", Concat(J36, ".Search")) ,U$4:AB$780, 4, false) * VLOOKUp(Concat("$", Concat(J36, ".Search")) ,U$4:AB$780, 8, false) / AZ),1) * AZ, If(VLOOKUp(Concat("$", Concat(J36, ".Search")) ,U$4:AB$780, 5, false) = 0 , "N/A", Max( Ceiling(($C$20 / (VLOOKUp(Concat("$", Concat(J36, ".Search")) ,U$4:AB$780, 5, false) * VLOOKUp(Concat("$", Concat(J36, ".Search")) ,U$4:AB$780, 6, false)* (1 - DiskOverprovisioning))) / AZ,1) * AZ , Ceiling(($C$19 / VLOOKUp(Concat("$", Concat(J36, ".Search")) ,U$4:AB$780, 4, false) / AZ),1) * AZ ) * VLOOKUp(Concat("$", Concat(J36, ".Search")) ,U$4:AB$780, 8, false) ) ) -> 1463.25 | M36: z1d | N36: 3.984375 | O36: 22.853822 | P36: =VLOOKUp(Concat("$", Concat(Q36, ".Search")) ,U$4:AB$780, 5, false) * VLOOKUp(Concat("$", Concat(Q36, ".Search")) ,U$4:AB$780, 6, false) * (1 - $C$12)/ VLOOKUp(Concat("$", Concat(Q36, ".Search")) ,U$4:AB$780, 4, false) -> 24.902344 | Q36: i4g | R36: =if(P36=0, "N/A", P36) -> 24.902344 | S36: =if(P36=0, "N/A", Abs(P36-$C$21)) -> 1.9358529 | U36: $c5ad. | V36: c5ad.xlarge | W36: 4 | X36: 8 | Y36: 1900 | Z36: =Z37/2 -> 0.078947368 | AA36: Up to 10 Gigabit | AB36: 78.84 | AD36: =if(Miscellaneous!E36*AWS!C$5> 256, "", Miscellaneous!E36*AWS!C$5) -> 35
H37: r5dn | I37: 9834.56 | J37: i4i | K37: =If(C$20 = 0, Ceiling(($C$19 / VLOOKUp(Concat("$", Concat(J37, ".Search")) ,U$4:AB$780, 4, false) * VLOOKUp(Concat("$", Concat(J37, ".Search")) ,U$4:AB$780, 8, false) / AZ),1) * AZ, If(VLOOKUp(Concat("$", Concat(J37, ".Search")) ,U$4:AB$780, 5, false) = 0 , "N/A", Max( Ceiling(($C$20 / (VLOOKUp(Concat("$", Concat(J37, ".Search")) ,U$4:AB$780, 5, false) * VLOOKUp(Concat("$", Concat(J37, ".Search")) ,U$4:AB$780, 6, false)* (1 - DiskOverprovisioning))) / AZ,1) * AZ , Ceiling(($C$19 / VLOOKUp(Concat("$", Concat(J37, ".Search")) ,U$4:AB$780, 4, false) / AZ),1) * AZ ) * VLOOKUp(Concat("$", Concat(J37, ".Search")) ,U$4:AB$780, 8, false) ) ) -> 1624.25 | M37: x2gd | N37: 3.1542969 | O37: 23.6839 | P37: =VLOOKUp(Concat("$", Concat(Q37, ".Search")) ,U$4:AB$780, 5, false) * VLOOKUp(Concat("$", Concat(Q37, ".Search")) ,U$4:AB$780, 6, false) * (1 - $C$12)/ VLOOKUp(Concat("$", Concat(Q37, ".Search")) ,U$4:AB$780, 4, false) -> 24.902344 | Q37: i4i | R37: =if(P37=0, "N/A", P37) -> 24.902344 | S37: =if(P37=0, "N/A", Abs(P37-$C$21)) -> 1.9358529 | U37: $c5ad. | V37: c5ad.2xlarge | W37: 8 | X37: 16 | Y37: 1900 | Z37: =Z38/2 -> 0.15789474 | AA37: Up to 10 Gigabit | AB37: 158.41 | AD37: =if(Miscellaneous!E37*AWS!C$5> 256, "", Miscellaneous!E37*AWS!C$5) -> 36
B38: Summary | H38: z1d | I38: 10776.99 | J38: i7i | K38: =If(C$20 = 0, Ceiling(($C$19 / VLOOKUp(Concat("$", Concat(J38, ".Search")) ,U$4:AB$780, 4, false) * VLOOKUp(Concat("$", Concat(J38, ".Search")) ,U$4:AB$780, 8, false) / AZ),1) * AZ, If(VLOOKUp(Concat("$", Concat(J38, ".Search")) ,U$4:AB$780, 5, false) = 0 , "N/A", Max( Ceiling(($C$20 / (VLOOKUp(Concat("$", Concat(J38, ".Search")) ,U$4:AB$780, 5, false) * VLOOKUp(Concat("$", Concat(J38, ".Search")) ,U$4:AB$780, 6, false)* (1 - DiskOverprovisioning))) / AZ,1) * AZ , Ceiling(($C$19 / VLOOKUp(Concat("$", Concat(J38, ".Search")) ,U$4:AB$780, 4, false) / AZ),1) * AZ ) * VLOOKUp(Concat("$", Concat(J38, ".Search")) ,U$4:AB$780, 8, false) ) ) -> 1815.95 | M38: g4dn | N38: 2.9882812 | O38: 23.849915 | P38: =VLOOKUp(Concat("$", Concat(Q38, ".Search")) ,U$4:AB$780, 5, false) * VLOOKUp(Concat("$", Concat(Q38, ".Search")) ,U$4:AB$780, 6, false) * (1 - $C$12)/ VLOOKUp(Concat("$", Concat(Q38, ".Search")) ,U$4:AB$780, 4, false) -> 24.902344 | Q38: i7i | R38: =if(P38=0, "N/A", P38) -> 24.902344 | S38: =if(P38=0, "N/A", Abs(P38-$C$21)) -> 1.9358529 | U38: $c5ad. | V38: c5ad.4xlarge | W38: 16 | X38: 32 | Y38: 1900 | Z38: =6/19 -> 0.31578947 | AA38: Up to 10 Gigabit | AB38: 316.09 | AD38: =if(Miscellaneous!E38*AWS!C$5> 256, "", Miscellaneous!E38*AWS!C$5) -> 37
B39: Unique Data size (GB) | C39: =UniqueData -> 1144.4092 | H39: gr6 | I39: 11703.52 | J39: i7ie | K39: =If(C$20 = 0, Ceiling(($C$19 / VLOOKUp(Concat("$", Concat(J39, ".Search")) ,U$4:AB$780, 4, false) * VLOOKUp(Concat("$", Concat(J39, ".Search")) ,U$4:AB$780, 8, false) / AZ),1) * AZ, If(VLOOKUp(Concat("$", Concat(J39, ".Search")) ,U$4:AB$780, 5, false) = 0 , "N/A", Max( Ceiling(($C$20 / (VLOOKUp(Concat("$", Concat(J39, ".Search")) ,U$4:AB$780, 5, false) * VLOOKUp(Concat("$", Concat(J39, ".Search")) ,U$4:AB$780, 6, false)* (1 - DiskOverprovisioning))) / AZ,1) * AZ , Ceiling(($C$19 / VLOOKUp(Concat("$", Concat(J39, ".Search")) ,U$4:AB$780, 4, false) / AZ),1) * AZ ) * VLOOKUp(Concat("$", Concat(J39, ".Search")) ,U$4:AB$780, 8, false) ) ) -> 2250.45 | M39: g6e | N39: 2.9882812 | O39: 23.849915 | P39: =VLOOKUp(Concat("$", Concat(Q39, ".Search")) ,U$4:AB$780, 5, false) * VLOOKUp(Concat("$", Concat(Q39, ".Search")) ,U$4:AB$780, 6, false) * (1 - $C$12)/ VLOOKUp(Concat("$", Concat(Q39, ".Search")) ,U$4:AB$780, 4, false) -> 66.40625 | Q39: i7ie | R39: =if(P39=0, "N/A", P39) -> 66.40625 | S39: =if(P39=0, "N/A", Abs(P39-$C$21)) -> 39.568053 | U39: $c5ad.Search | V39: c5ad.8xlarge | W39: 32 | X39: 64 | Y39: 1900 | Z39: =12/19 -> 0.63157895 | AA39: 10 Gigabit | AB39: 632.91 | AD39: =if(Miscellaneous!E39*AWS!C$5> 256, "", Miscellaneous!E39*AWS!C$5) -> 38
B40: Infrastructure | H40: c3 | I40: 12150.12 | J40: i8g | K40: =If(C$20 = 0, Ceiling(($C$19 / VLOOKUp(Concat("$", Concat(J40, ".Search")) ,U$4:AB$780, 4, false) * VLOOKUp(Concat("$", Concat(J40, ".Search")) ,U$4:AB$780, 8, false) / AZ),1) * AZ, If(VLOOKUp(Concat("$", Concat(J40, ".Search")) ,U$4:AB$780, 5, false) = 0 , "N/A", Max( Ceiling(($C$20 / (VLOOKUp(Concat("$", Concat(J40, ".Search")) ,U$4:AB$780, 5, false) * VLOOKUp(Concat("$", Concat(J40, ".Search")) ,U$4:AB$780, 6, false)* (1 - DiskOverprovisioning))) / AZ,1) * AZ , Ceiling(($C$19 / VLOOKUp(Concat("$", Concat(J40, ".Search")) ,U$4:AB$780, 4, false) / AZ),1) * AZ ) * VLOOKUp(Concat("$", Concat(J40, ".Search")) ,U$4:AB$780, 8, false) ) ) -> 1650.95 | M40: r3 | N40: 2.2295082 | O40: 24.608688 | P40: =VLOOKUp(Concat("$", Concat(Q40, ".Search")) ,U$4:AB$780, 5, false) * VLOOKUp(Concat("$", Concat(Q40, ".Search")) ,U$4:AB$780, 6, false) * (1 - $C$12)/ VLOOKUp(Concat("$", Concat(Q40, ".Search")) ,U$4:AB$780, 4, false) -> 24.902344 | Q40: i8g | R40: =if(P40=0, "N/A", P40) -> 24.902344 | S40: =if(P40=0, "N/A", Abs(P40-$C$21)) -> 1.9358529 | U40: $c5ad. | V40: c5ad.12xlarge | W40: 48 | X40: 96 | Y40: 1900 | Z40: =18/19 -> 0.94736842 | AA40: 12 Gigabit | AB40: 949 | AD40: =if(Miscellaneous!E40*AWS!C$5> 256, "", Miscellaneous!E40*AWS!C$5) -> 39
B41: Monthly | C41: =F12*C11 -> 140.16 | H41: x2idn | I41: 14977.55 | J41: im4gn | K41: =If(C$20 = 0, Ceiling(($C$19 / VLOOKUp(Concat("$", Concat(J41, ".Search")) ,U$4:AB$780, 4, false) * VLOOKUp(Concat("$", Concat(J41, ".Search")) ,U$4:AB$780, 8, false) / AZ),1) * AZ, If(VLOOKUp(Concat("$", Concat(J41, ".Search")) ,U$4:AB$780, 5, false) = 0 , "N/A", Max( Ceiling(($C$20 / (VLOOKUp(Concat("$", Concat(J41, ".Search")) ,U$4:AB$780, 5, false) * VLOOKUp(Concat("$", Concat(J41, ".Search")) ,U$4:AB$780, 6, false)* (1 - DiskOverprovisioning))) / AZ,1) * AZ , Ceiling(($C$19 / VLOOKUp(Concat("$", Concat(J41, ".Search")) ,U$4:AB$780, 4, false) / AZ),1) * AZ ) * VLOOKUp(Concat("$", Concat(J41, ".Search")) ,U$4:AB$780, 8, false) ) ) -> 3065.76 | M41: x1 | N41: 1.6721311 | O41: 25.166066 | P41: =VLOOKUp(Concat("$", Concat(Q41, ".Search")) ,U$4:AB$780, 5, false) * VLOOKUp(Concat("$", Concat(Q41, ".Search")) ,U$4:AB$780, 6, false) * (1 - $C$12)/ VLOOKUp(Concat("$", Concat(Q41, ".Search")) ,U$4:AB$780, 4, false) -> 99.609375 | Q41: im4gn | R41: =if(P41=0, "N/A", P41) -> 99.609375 | S41: =if(P41=0, "N/A", Abs(P41-$C$21)) -> 72.771178 | U41: $c5ad. | V41: c5ad.16xlarge | W41: 64 | X41: 128 | Y41: 1900 | Z41: =2*12/19 -> 1.2631579 | AA41: 20 Gigabit | AB41: 1265.82 | AD41: =if(Miscellaneous!E41*AWS!C$5> 256, "", Miscellaneous!E41*AWS!C$5) -> 40
B42: Annual | C42: =C41*12 -> 1681.92 | H42: x1 | I42: 15001.5 | J42: inf1 | K42: =If(C$20 = 0, Ceiling(($C$19 / VLOOKUp(Concat("$", Concat(J42, ".Search")) ,U$4:AB$780, 4, false) * VLOOKUp(Concat("$", Concat(J42, ".Search")) ,U$4:AB$780, 8, false) / AZ),1) * AZ, If(VLOOKUp(Concat("$", Concat(J42, ".Search")) ,U$4:AB$780, 5, false) = 0 , "N/A", Max( Ceiling(($C$20 / (VLOOKUp(Concat("$", Concat(J42, ".Search")) ,U$4:AB$780, 5, false) * VLOOKUp(Concat("$", Concat(J42, ".Search")) ,U$4:AB$780, 6, false)* (1 - DiskOverprovisioning))) / AZ,1) * AZ , Ceiling(($C$19 / VLOOKUp(Concat("$", Concat(J42, ".Search")) ,U$4:AB$780, 4, false) / AZ),1) * AZ ) * VLOOKUp(Concat("$", Concat(J42, ".Search")) ,U$4:AB$780, 8, false) ) ) -> N/A | M42: x2idn | N42: 1.5771484 | O42: 25.261048 | P42: =VLOOKUp(Concat("$", Concat(Q42, ".Search")) ,U$4:AB$780, 5, false) * VLOOKUp(Concat("$", Concat(Q42, ".Search")) ,U$4:AB$780, 6, false) * (1 - $C$12)/ VLOOKUp(Concat("$", Concat(Q42, ".Search")) ,U$4:AB$780, 4, false) -> 0 | Q42: inf1 | R42: =if(P42=0, "N/A", P42) -> N/A | S42: =if(P42=0, "N/A", Abs(P42-$C$21)) -> N/A | U42: $c5ad. | V42: c5ad.24xlarge | W42: 96 | X42: 192 | Y42: 1900 | Z42: 2 | AA42: 20 Gigabit | AB42: 1898.73 | AD42: =if(Miscellaneous!E42*AWS!C$5> 256, "", Miscellaneous!E42*AWS!C$5) -> 41
B43: Networking | H43: m3 | I43: 15673.1 | J43: inf2 | K43: =If(C$20 = 0, Ceiling(($C$19 / VLOOKUp(Concat("$", Concat(J43, ".Search")) ,U$4:AB$780, 4, false) * VLOOKUp(Concat("$", Concat(J43, ".Search")) ,U$4:AB$780, 8, false) / AZ),1) * AZ, If(VLOOKUp(Concat("$", Concat(J43, ".Search")) ,U$4:AB$780, 5, false) = 0 , "N/A", Max( Ceiling(($C$20 / (VLOOKUp(Concat("$", Concat(J43, ".Search")) ,U$4:AB$780, 5, false) * VLOOKUp(Concat("$", Concat(J43, ".Search")) ,U$4:AB$780, 6, false)* (1 - DiskOverprovisioning))) / AZ,1) * AZ , Ceiling(($C$19 / VLOOKUp(Concat("$", Concat(J43, ".Search")) ,U$4:AB$780, 4, false) / AZ),1) * AZ ) * VLOOKUp(Concat("$", Concat(J43, ".Search")) ,U$4:AB$780, 8, false) ) ) -> N/A | M43: x1e | N43: 0.83606557 | O43: 26.002131 | P43: =VLOOKUp(Concat("$", Concat(Q43, ".Search")) ,U$4:AB$780, 5, false) * VLOOKUp(Concat("$", Concat(Q43, ".Search")) ,U$4:AB$780, 6, false) * (1 - $C$12)/ VLOOKUp(Concat("$", Concat(Q43, ".Search")) ,U$4:AB$780, 4, false) -> 0 | Q43: inf2 | R43: =if(P43=0, "N/A", P43) -> N/A | S43: =if(P43=0, "N/A", Abs(P43-$C$21)) -> N/A | U43: $c5d. | V43: c5d.large | W43: 2 | X43: 4 | Y43: 900 | Z43: =Z44/2 -> 0.055555556 | AA43: Up to 10 Gigabit | AB43: 43.8 | AD43: =if(Miscellaneous!E43*AWS!C$5> 256, "", Miscellaneous!E43*AWS!C$5) -> 42
B44: Monthly | C44: =C45/12 -> 0 | H44: r3 | I44: 17392.98 | J44: is4gen | K44: =If(C$20 = 0, Ceiling(($C$19 / VLOOKUp(Concat("$", Concat(J44, ".Search")) ,U$4:AB$780, 4, false) * VLOOKUp(Concat("$", Concat(J44, ".Search")) ,U$4:AB$780, 8, false) / AZ),1) * AZ, If(VLOOKUp(Concat("$", Concat(J44, ".Search")) ,U$4:AB$780, 5, false) = 0 , "N/A", Max( Ceiling(($C$20 / (VLOOKUp(Concat("$", Concat(J44, ".Search")) ,U$4:AB$780, 5, false) * VLOOKUp(Concat("$", Concat(J44, ".Search")) ,U$4:AB$780, 6, false)* (1 - DiskOverprovisioning))) / AZ,1) * AZ , Ceiling(($C$19 / VLOOKUp(Concat("$", Concat(J44, ".Search")) ,U$4:AB$780, 4, false) / AZ),1) * AZ ) * VLOOKUp(Concat("$", Concat(J44, ".Search")) ,U$4:AB$780, 8, false) ) ) -> 3443.16 | M44: x2iedn | N44: 0.78857422 | O44: 26.049622 | P44: =VLOOKUp(Concat("$", Concat(Q44, ".Search")) ,U$4:AB$780, 5, false) * VLOOKUp(Concat("$", Concat(Q44, ".Search")) ,U$4:AB$780, 6, false) * (1 - $C$12)/ VLOOKUp(Concat("$", Concat(Q44, ".Search")) ,U$4:AB$780, 4, false) -> 132.8125 | Q44: is4gen | R44: =if(P44=0, "N/A", P44) -> 132.8125 | S44: =if(P44=0, "N/A", Abs(P44-$C$21)) -> 105.9743 | U44: $c5d. | V44: c5d.xlarge | W44: 4 | X44: 8 | Y44: 900 | Z44: =Z45/2 -> 0.11111111 | AA44: Up to 10 Gigabit | AB44: 88.33 | AD44: =if(Miscellaneous!E44*AWS!C$5> 256, "", Miscellaneous!E44*AWS!C$5) -> 43
B45: Annual | C45: =Sum(C35:C36) -> 0 | H45: g4dn | I45: 22716.87 | J45: m3 | K45: =If(C$20 = 0, Ceiling(($C$19 / VLOOKUp(Concat("$", Concat(J45, ".Search")) ,U$4:AB$780, 4, false) * VLOOKUp(Concat("$", Concat(J45, ".Search")) ,U$4:AB$780, 8, false) / AZ),1) * AZ, If(VLOOKUp(Concat("$", Concat(J45, ".Search")) ,U$4:AB$780, 5, false) = 0 , "N/A", Max( Ceiling(($C$20 / (VLOOKUp(Concat("$", Concat(J45, ".Search")) ,U$4:AB$780, 5, false) * VLOOKUp(Concat("$", Concat(J45, ".Search")) ,U$4:AB$780, 6, false)* (1 - DiskOverprovisioning))) / AZ,1) * AZ , Ceiling(($C$19 / VLOOKUp(Concat("$", Concat(J45, ".Search")) ,U$4:AB$780, 4, false) / AZ),1) * AZ ) * VLOOKUp(Concat("$", Concat(J45, ".Search")) ,U$4:AB$780, 8, false) ) ) -> 15673.1 | M45: i3en | N45: 66.40625 | O45: 39.568053 | P45: =VLOOKUp(Concat("$", Concat(Q45, ".Search")) ,U$4:AB$780, 5, false) * VLOOKUp(Concat("$", Concat(Q45, ".Search")) ,U$4:AB$780, 6, false) * (1 - $C$12)/ VLOOKUp(Concat("$", Concat(Q45, ".Search")) ,U$4:AB$780, 4, false) -> 4.5333333 | Q45: m3 | R45: =if(P45=0, "N/A", P45) -> 4.5333333 | S45: =if(P45=0, "N/A", Abs(P45-$C$21)) -> 22.304863 | U45: $c5d. | V45: c5d.2xlarge | W45: 8 | X45: 16 | Y45: 900 | Z45: =Z46/2 -> 0.22222222 | AA45: Up to 10 Gigabit | AB45: 176.66 | AD45: =if(Miscellaneous!E45*AWS!C$5> 256, "", Miscellaneous!E45*AWS!C$5) -> 44
B46: Total | H46: g6e | I46: 22909.48 | J46: m4 | K46: =If(C$20 = 0, Ceiling(($C$19 / VLOOKUp(Concat("$", Concat(J46, ".Search")) ,U$4:AB$780, 4, false) * VLOOKUp(Concat("$", Concat(J46, ".Search")) ,U$4:AB$780, 8, false) / AZ),1) * AZ, If(VLOOKUp(Concat("$", Concat(J46, ".Search")) ,U$4:AB$780, 5, false) = 0 , "N/A", Max( Ceiling(($C$20 / (VLOOKUp(Concat("$", Concat(J46, ".Search")) ,U$4:AB$780, 5, false) * VLOOKUp(Concat("$", Concat(J46, ".Search")) ,U$4:AB$780, 6, false)* (1 - DiskOverprovisioning))) / AZ,1) * AZ , Ceiling(($C$19 / VLOOKUp(Concat("$", Concat(J46, ".Search")) ,U$4:AB$780, 4, false) / AZ),1) * AZ ) * VLOOKUp(Concat("$", Concat(J46, ".Search")) ,U$4:AB$780, 8, false) ) ) -> N/A | M46: i7ie | N46: 66.40625 | O46: 39.568053 | P46: =VLOOKUp(Concat("$", Concat(Q46, ".Search")) ,U$4:AB$780, 5, false) * VLOOKUp(Concat("$", Concat(Q46, ".Search")) ,U$4:AB$780, 6, false) * (1 - $C$12)/ VLOOKUp(Concat("$", Concat(Q46, ".Search")) ,U$4:AB$780, 4, false) -> 0 | Q46: m4 | R46: =if(P46=0, "N/A", P46) -> N/A | S46: =if(P46=0, "N/A", Abs(P46-$C$21)) -> N/A | U46: $c5d. | V46: c5d.4xlarge | W46: 16 | X46: 32 | Y46: 900 | Z46: =4/9 -> 0.44444444 | AA46: Up to 10 Gigabit | AB46: 353.32 | AD46: =if(Miscellaneous!E46*AWS!C$5> 256, "", Miscellaneous!E46*AWS!C$5) -> 45
B47: Monthly | C47: =C41+C44 -> 140.16 | H47: x2iedn | I47: 29955.1 | J47: m5 | K47: =If(C$20 = 0, Ceiling(($C$19 / VLOOKUp(Concat("$", Concat(J47, ".Search")) ,U$4:AB$780, 4, false) * VLOOKUp(Concat("$", Concat(J47, ".Search")) ,U$4:AB$780, 8, false) / AZ),1) * AZ, If(VLOOKUp(Concat("$", Concat(J47, ".Search")) ,U$4:AB$780, 5, false) = 0 , "N/A", Max( Ceiling(($C$20 / (VLOOKUp(Concat("$", Concat(J47, ".Search")) ,U$4:AB$780, 5, false) * VLOOKUp(Concat("$", Concat(J47, ".Search")) ,U$4:AB$780, 6, false)* (1 - DiskOverprovisioning))) / AZ,1) * AZ , Ceiling(($C$19 / VLOOKUp(Concat("$", Concat(J47, ".Search")) ,U$4:AB$780, 4, false) / AZ),1) * AZ ) * VLOOKUp(Concat("$", Concat(J47, ".Search")) ,U$4:AB$780, 8, false) ) ) -> N/A | M47: im4gn | N47: 99.609375 | O47: 72.771178 | P47: =VLOOKUp(Concat("$", Concat(Q47, ".Search")) ,U$4:AB$780, 5, false) * VLOOKUp(Concat("$", Concat(Q47, ".Search")) ,U$4:AB$780, 6, false) * (1 - $C$12)/ VLOOKUp(Concat("$", Concat(Q47, ".Search")) ,U$4:AB$780, 4, false) -> 0 | Q47: m5 | R47: =if(P47=0, "N/A", P47) -> N/A | S47: =if(P47=0, "N/A", Abs(P47-$C$21)) -> N/A | U47: $c5d.Search | V47: c5d.9xlarge | W47: 36 | X47: 72 | Y47: 900 | Z47: 1 | AA47: 12 Gigabit | AB47: 794.97 | AD47: =if(Miscellaneous!E47*AWS!C$5> 256, "", Miscellaneous!E47*AWS!C$5) -> 46
B48: Annual | C48: =C42+C45 -> 1681.92 | H48: x1e | I48: 30017.6 | J48: m5a | K48: =If(C$20 = 0, Ceiling(($C$19 / VLOOKUp(Concat("$", Concat(J48, ".Search")) ,U$4:AB$780, 4, false) * VLOOKUp(Concat("$", Concat(J48, ".Search")) ,U$4:AB$780, 8, false) / AZ),1) * AZ, If(VLOOKUp(Concat("$", Concat(J48, ".Search")) ,U$4:AB$780, 5, false) = 0 , "N/A", Max( Ceiling(($C$20 / (VLOOKUp(Concat("$", Concat(J48, ".Search")) ,U$4:AB$780, 5, false) * VLOOKUp(Concat("$", Concat(J48, ".Search")) ,U$4:AB$780, 6, false)* (1 - DiskOverprovisioning))) / AZ,1) * AZ , Ceiling(($C$19 / VLOOKUp(Concat("$", Concat(J48, ".Search")) ,U$4:AB$780, 4, false) / AZ),1) * AZ ) * VLOOKUp(Concat("$", Concat(J48, ".Search")) ,U$4:AB$780, 8, false) ) ) -> N/A | M48: is4gen | N48: 132.8125 | O48: 105.9743 | P48: =VLOOKUp(Concat("$", Concat(Q48, ".Search")) ,U$4:AB$780, 5, false) * VLOOKUp(Concat("$", Concat(Q48, ".Search")) ,U$4:AB$780, 6, false) * (1 - $C$12)/ VLOOKUp(Concat("$", Concat(Q48, ".Search")) ,U$4:AB$780, 4, false) -> 0 | Q48: m5a | R48: =if(P48=0, "N/A", P48) -> N/A | S48: =if(P48=0, "N/A", Abs(P48-$C$21)) -> N/A | U48: $c5d. | V48: c5d.12xlarge | W48: 48 | X48: 96 | Y48: 900 | Z48: 2 | AA48: 12 Gigabit | AB48: 1059.96 | AD48: =if(Miscellaneous!E48*AWS!C$5> 256, "", Miscellaneous!E48*AWS!C$5) -> 47
H49: a1 | I49: N/A | J49: m5ad | K49: =If(C$20 = 0, Ceiling(($C$19 / VLOOKUp(Concat("$", Concat(J49, ".Search")) ,U$4:AB$780, 4, false) * VLOOKUp(Concat("$", Concat(J49, ".Search")) ,U$4:AB$780, 8, false) / AZ),1) * AZ, If(VLOOKUp(Concat("$", Concat(J49, ".Search")) ,U$4:AB$780, 5, false) = 0 , "N/A", Max( Ceiling(($C$20 / (VLOOKUp(Concat("$", Concat(J49, ".Search")) ,U$4:AB$780, 5, false) * VLOOKUp(Concat("$", Concat(J49, ".Search")) ,U$4:AB$780, 6, false)* (1 - DiskOverprovisioning))) / AZ,1) * AZ , Ceiling(($C$19 / VLOOKUp(Concat("$", Concat(J49, ".Search")) ,U$4:AB$780, 4, false) / AZ),1) * AZ ) * VLOOKUp(Concat("$", Concat(J49, ".Search")) ,U$4:AB$780, 8, false) ) ) -> 6061.92 | M49: a1 | N49: N/A | O49: N/A | P49: =VLOOKUp(Concat("$", Concat(Q49, ".Search")) ,U$4:AB$780, 5, false) * VLOOKUp(Concat("$", Concat(Q49, ".Search")) ,U$4:AB$780, 6, false) * (1 - $C$12)/ VLOOKUp(Concat("$", Concat(Q49, ".Search")) ,U$4:AB$780, 4, false) -> 7.96875 | Q49: m5ad | R49: =if(P49=0, "N/A", P49) -> 7.96875 | S49: =if(P49=0, "N/A", Abs(P49-$C$21)) -> 18.869447 | U49: $c5d. | V49: c5d.18xlarge | W49: 72 | X49: 144 | Y49: 900 | Z49: 2 | AA49: 25 Gigabit | AB49: 1589.21 | AD49: =if(Miscellaneous!E49*AWS!C$5> 256, "", Miscellaneous!E49*AWS!C$5) -> 48
H50: c4 | I50: N/A | J50: m5d | K50: =If(C$20 = 0, Ceiling(($C$19 / VLOOKUp(Concat("$", Concat(J50, ".Search")) ,U$4:AB$780, 4, false) * VLOOKUp(Concat("$", Concat(J50, ".Search")) ,U$4:AB$780, 8, false) / AZ),1) * AZ, If(VLOOKUp(Concat("$", Concat(J50, ".Search")) ,U$4:AB$780, 5, false) = 0 , "N/A", Max( Ceiling(($C$20 / (VLOOKUp(Concat("$", Concat(J50, ".Search")) ,U$4:AB$780, 5, false) * VLOOKUp(Concat("$", Concat(J50, ".Search")) ,U$4:AB$780, 6, false)* (1 - DiskOverprovisioning))) / AZ,1) * AZ , Ceiling(($C$19 / VLOOKUp(Concat("$", Concat(J50, ".Search")) ,U$4:AB$780, 4, false) / AZ),1) * AZ ) * VLOOKUp(Concat("$", Concat(J50, ".Search")) ,U$4:AB$780, 8, false) ) ) -> 6657.6 | M50: c4 | N50: N/A | O50: N/A | P50: =VLOOKUp(Concat("$", Concat(Q50, ".Search")) ,U$4:AB$780, 5, false) * VLOOKUp(Concat("$", Concat(Q50, ".Search")) ,U$4:AB$780, 6, false) * (1 - $C$12)/ VLOOKUp(Concat("$", Concat(Q50, ".Search")) ,U$4:AB$780, 4, false) -> 7.96875 | Q50: m5d | R50: =if(P50=0, "N/A", P50) -> 7.96875 | S50: =if(P50=0, "N/A", Abs(P50-$C$21)) -> 18.869447 | U50: $c5d. | V50: c5d.24xlarge | W50: 96 | X50: 192 | Y50: 900 | Z50: 4 | AA50: 25 Gigabit | AB50: 2119.19 | AD50: =if(Miscellaneous!E50*AWS!C$5> 256, "", Miscellaneous!E50*AWS!C$5) -> 49
H51: c5 | I51: N/A | J51: m5dn | K51: =If(C$20 = 0, Ceiling(($C$19 / VLOOKUp(Concat("$", Concat(J51, ".Search")) ,U$4:AB$780, 4, false) * VLOOKUp(Concat("$", Concat(J51, ".Search")) ,U$4:AB$780, 8, false) / AZ),1) * AZ, If(VLOOKUp(Concat("$", Concat(J51, ".Search")) ,U$4:AB$780, 5, false) = 0 , "N/A", Max( Ceiling(($C$20 / (VLOOKUp(Concat("$", Concat(J51, ".Search")) ,U$4:AB$780, 5, false) * VLOOKUp(Concat("$", Concat(J51, ".Search")) ,U$4:AB$780, 6, false)* (1 - DiskOverprovisioning))) / AZ,1) * AZ , Ceiling(($C$19 / VLOOKUp(Concat("$", Concat(J51, ".Search")) ,U$4:AB$780, 4, false) / AZ),1) * AZ ) * VLOOKUp(Concat("$", Concat(J51, ".Search")) ,U$4:AB$780, 8, false) ) ) -> 8000.8 | M51: c5 | N51: N/A | O51: N/A | P51: =VLOOKUp(Concat("$", Concat(Q51, ".Search")) ,U$4:AB$780, 5, false) * VLOOKUp(Concat("$", Concat(Q51, ".Search")) ,U$4:AB$780, 6, false) * (1 - $C$12)/ VLOOKUp(Concat("$", Concat(Q51, ".Search")) ,U$4:AB$780, 4, false) -> 7.96875 | Q51: m5dn | R51: =if(P51=0, "N/A", P51) -> 7.96875 | S51: =if(P51=0, "N/A", Abs(P51-$C$21)) -> 18.869447 | U51: $c5n.Search | V51: c5n.large | W51: 2 | X51: 5.25 | Y51: 0 | Z51: 0 | AA51: Up to 25 Gigabit | AB51: 49.64 | AD51: =if(Miscellaneous!E51*AWS!C$5> 256, "", Miscellaneous!E51*AWS!C$5) -> 50
H52: c5a | I52: N/A | J52: m5n | K52: =If(C$20 = 0, Ceiling(($C$19 / VLOOKUp(Concat("$", Concat(J52, ".Search")) ,U$4:AB$780, 4, false) * VLOOKUp(Concat("$", Concat(J52, ".Search")) ,U$4:AB$780, 8, false) / AZ),1) * AZ, If(VLOOKUp(Concat("$", Concat(J52, ".Search")) ,U$4:AB$780, 5, false) = 0 , "N/A", Max( Ceiling(($C$20 / (VLOOKUp(Concat("$", Concat(J52, ".Search")) ,U$4:AB$780, 5, false) * VLOOKUp(Concat("$", Concat(J52, ".Search")) ,U$4:AB$780, 6, false)* (1 - DiskOverprovisioning))) / AZ,1) * AZ , Ceiling(($C$19 / VLOOKUp(Concat("$", Concat(J52, ".Search")) ,U$4:AB$780, 4, false) / AZ),1) * AZ ) * VLOOKUp(Concat("$", Concat(J52, ".Search")) ,U$4:AB$780, 8, false) ) ) -> N/A | M52: c5a | N52: N/A | O52: N/A | P52: =VLOOKUp(Concat("$", Concat(Q52, ".Search")) ,U$4:AB$780, 5, false) * VLOOKUp(Concat("$", Concat(Q52, ".Search")) ,U$4:AB$780, 6, false) * (1 - $C$12)/ VLOOKUp(Concat("$", Concat(Q52, ".Search")) ,U$4:AB$780, 4, false) -> 0 | Q52: m5n | R52: =if(P52=0, "N/A", P52) -> N/A | S52: =if(P52=0, "N/A", Abs(P52-$C$21)) -> N/A | U52: $c5n. | V52: c5n.xlarge | W52: 4 | X52: 10.5 | Y52: 0 | Z52: 0 | AA52: Up to 25 Gigabit | AB52: 99.28 | AD52: =if(Miscellaneous!E52*AWS!C$5> 256, "", Miscellaneous!E52*AWS!C$5) -> 51
H53: c5n | I53: N/A | J53: m5zn | K53: =If(C$20 = 0, Ceiling(($C$19 / VLOOKUp(Concat("$", Concat(J53, ".Search")) ,U$4:AB$780, 4, false) * VLOOKUp(Concat("$", Concat(J53, ".Search")) ,U$4:AB$780, 8, false) / AZ),1) * AZ, If(VLOOKUp(Concat("$", Concat(J53, ".Search")) ,U$4:AB$780, 5, false) = 0 , "N/A", Max( Ceiling(($C$20 / (VLOOKUp(Concat("$", Concat(J53, ".Search")) ,U$4:AB$780, 5, false) * VLOOKUp(Concat("$", Concat(J53, ".Search")) ,U$4:AB$780, 6, false)* (1 - DiskOverprovisioning))) / AZ,1) * AZ , Ceiling(($C$19 / VLOOKUp(Concat("$", Concat(J53, ".Search")) ,U$4:AB$780, 4, false) / AZ),1) * AZ ) * VLOOKUp(Concat("$", Concat(J53, ".Search")) ,U$4:AB$780, 8, false) ) ) -> N/A | M53: c5n | N53: N/A | O53: N/A | P53: =VLOOKUp(Concat("$", Concat(Q53, ".Search")) ,U$4:AB$780, 5, false) * VLOOKUp(Concat("$", Concat(Q53, ".Search")) ,U$4:AB$780, 6, false) * (1 - $C$12)/ VLOOKUp(Concat("$", Concat(Q53, ".Search")) ,U$4:AB$780, 4, false) -> 0 | Q53: m5zn | R53: =if(P53=0, "N/A", P53) -> N/A | S53: =if(P53=0, "N/A", Abs(P53-$C$21)) -> N/A | U53: $c5n. | V53: c5n.2xlarge | W53: 8 | X53: 21 | Y53: 0 | Z53: 0 | AA53: Up to 25 Gigabit | AB53: 198.56 | AD53: =if(Miscellaneous!E53*AWS!C$5> 256, "", Miscellaneous!E53*AWS!C$5) -> 52
H54: c6a | I54: N/A | J54: m6a | K54: =If(C$20 = 0, Ceiling(($C$19 / VLOOKUp(Concat("$", Concat(J54, ".Search")) ,U$4:AB$780, 4, false) * VLOOKUp(Concat("$", Concat(J54, ".Search")) ,U$4:AB$780, 8, false) / AZ),1) * AZ, If(VLOOKUp(Concat("$", Concat(J54, ".Search")) ,U$4:AB$780, 5, false) = 0 , "N/A", Max( Ceiling(($C$20 / (VLOOKUp(Concat("$", Concat(J54, ".Search")) ,U$4:AB$780, 5, false) * VLOOKUp(Concat("$", Concat(J54, ".Search")) ,U$4:AB$780, 6, false)* (1 - DiskOverprovisioning))) / AZ,1) * AZ , Ceiling(($C$19 / VLOOKUp(Concat("$", Concat(J54, ".Search")) ,U$4:AB$780, 4, false) / AZ),1) * AZ ) * VLOOKUp(Concat("$", Concat(J54, ".Search")) ,U$4:AB$780, 8, false) ) ) -> N/A | M54: c6a | N54: N/A | O54: N/A | P54: =VLOOKUp(Concat("$", Concat(Q54, ".Search")) ,U$4:AB$780, 5, false) * VLOOKUp(Concat("$", Concat(Q54, ".Search")) ,U$4:AB$780, 6, false) * (1 - $C$12)/ VLOOKUp(Concat("$", Concat(Q54, ".Search")) ,U$4:AB$780, 4, false) -> 0 | Q54: m6a | R54: =if(P54=0, "N/A", P54) -> N/A | S54: =if(P54=0, "N/A", Abs(P54-$C$21)) -> N/A | U54: $c5n. | V54: c5n.4xlarge | W54: 16 | X54: 42 | Y54: 0 | Z54: 0 | AA54: Up to 25 Gigabit | AB54: 397.12 | AD54: =if(Miscellaneous!E54*AWS!C$5> 256, "", Miscellaneous!E54*AWS!C$5) -> 53
H55: c6g | I55: N/A | J55: m6g | K55: =If(C$20 = 0, Ceiling(($C$19 / VLOOKUp(Concat("$", Concat(J55, ".Search")) ,U$4:AB$780, 4, false) * VLOOKUp(Concat("$", Concat(J55, ".Search")) ,U$4:AB$780, 8, false) / AZ),1) * AZ, If(VLOOKUp(Concat("$", Concat(J55, ".Search")) ,U$4:AB$780, 5, false) = 0 , "N/A", Max( Ceiling(($C$20 / (VLOOKUp(Concat("$", Concat(J55, ".Search")) ,U$4:AB$780, 5, false) * VLOOKUp(Concat("$", Concat(J55, ".Search")) ,U$4:AB$780, 6, false)* (1 - DiskOverprovisioning))) / AZ,1) * AZ , Ceiling(($C$19 / VLOOKUp(Concat("$", Concat(J55, ".Search")) ,U$4:AB$780, 4, false) / AZ),1) * AZ ) * VLOOKUp(Concat("$", Concat(J55, ".Search")) ,U$4:AB$780, 8, false) ) ) -> N/A | M55: c6g | N55: N/A | O55: N/A | P55: =VLOOKUp(Concat("$", Concat(Q55, ".Search")) ,U$4:AB$780, 5, false) * VLOOKUp(Concat("$", Concat(Q55, ".Search")) ,U$4:AB$780, 6, false) * (1 - $C$12)/ VLOOKUp(Concat("$", Concat(Q55, ".Search")) ,U$4:AB$780, 4, false) -> 0 | Q55: m6g | R55: =if(P55=0, "N/A", P55) -> N/A | S55: =if(P55=0, "N/A", Abs(P55-$C$21)) -> N/A | U55: $c5n. | V55: c5n.9xlarge | W55: 36 | X55: 96 | Y55: 0 | Z55: 0 | AA55: 50 Gigabit | AB55: 894.25 | AD55: =if(Miscellaneous!E55*AWS!C$5> 256, "", Miscellaneous!E55*AWS!C$5) -> 54
H56: c6gn | I56: N/A | J56: m6gd | K56: =If(C$20 = 0, Ceiling(($C$19 / VLOOKUp(Concat("$", Concat(J56, ".Search")) ,U$4:AB$780, 4, false) * VLOOKUp(Concat("$", Concat(J56, ".Search")) ,U$4:AB$780, 8, false) / AZ),1) * AZ, If(VLOOKUp(Concat("$", Concat(J56, ".Search")) ,U$4:AB$780, 5, false) = 0 , "N/A", Max( Ceiling(($C$20 / (VLOOKUp(Concat("$", Concat(J56, ".Search")) ,U$4:AB$780, 5, false) * VLOOKUp(Concat("$", Concat(J56, ".Search")) ,U$4:AB$780, 6, false)* (1 - DiskOverprovisioning))) / AZ,1) * AZ , Ceiling(($C$19 / VLOOKUp(Concat("$", Concat(J56, ".Search")) ,U$4:AB$780, 4, false) / AZ),1) * AZ ) * VLOOKUp(Concat("$", Concat(J56, ".Search")) ,U$4:AB$780, 8, false) ) ) -> 3325.9 | M56: c6gn | N56: N/A | O56: N/A | P56: =VLOOKUp(Concat("$", Concat(Q56, ".Search")) ,U$4:AB$780, 5, false) * VLOOKUp(Concat("$", Concat(Q56, ".Search")) ,U$4:AB$780, 6, false) * (1 - $C$12)/ VLOOKUp(Concat("$", Concat(Q56, ".Search")) ,U$4:AB$780, 4, false) -> 12.617188 | Q56: m6gd | R56: =if(P56=0, "N/A", P56) -> 12.617188 | S56: =if(P56=0, "N/A", Abs(P56-$C$21)) -> 14.221009 | U56: $c5n. | V56: c5n.18xlarge | W56: 72 | X56: 192 | Y56: 0 | Z56: 0 | AA56: 100 Gigabit | AB56: 1787.77 | AD56: =if(Miscellaneous!E56*AWS!C$5> 256, "", Miscellaneous!E56*AWS!C$5) -> 55
H57: c6i | I57: N/A | J57: m6i | K57: =If(C$20 = 0, Ceiling(($C$19 / VLOOKUp(Concat("$", Concat(J57, ".Search")) ,U$4:AB$780, 4, false) * VLOOKUp(Concat("$", Concat(J57, ".Search")) ,U$4:AB$780, 8, false) / AZ),1) * AZ, If(VLOOKUp(Concat("$", Concat(J57, ".Search")) ,U$4:AB$780, 5, false) = 0 , "N/A", Max( Ceiling(($C$20 / (VLOOKUp(Concat("$", Concat(J57, ".Search")) ,U$4:AB$780, 5, false) * VLOOKUp(Concat("$", Concat(J57, ".Search")) ,U$4:AB$780, 6, false)* (1 - DiskOverprovisioning))) / AZ,1) * AZ , Ceiling(($C$19 / VLOOKUp(Concat("$", Concat(J57, ".Search")) ,U$4:AB$780, 4, false) / AZ),1) * AZ ) * VLOOKUp(Concat("$", Concat(J57, ".Search")) ,U$4:AB$780, 8, false) ) ) -> N/A | M57: c6i | N57: N/A | O57: N/A | P57: =VLOOKUp(Concat("$", Concat(Q57, ".Search")) ,U$4:AB$780, 5, false) * VLOOKUp(Concat("$", Concat(Q57, ".Search")) ,U$4:AB$780, 6, false) * (1 - $C$12)/ VLOOKUp(Concat("$", Concat(Q57, ".Search")) ,U$4:AB$780, 4, false) -> 0 | Q57: m6i | R57: =if(P57=0, "N/A", P57) -> N/A | S57: =if(P57=0, "N/A", Abs(P57-$C$21)) -> N/A | U57: $c6a.Search | V57: c6a.large | W57: 2 | X57: 4 | Y57: 0 | Z57: 0 | AA57: Up to 12.5 Gigabit | AB57: 36.94 | AD57: =if(Miscellaneous!E57*AWS!C$5> 256, "", Miscellaneous!E57*AWS!C$5) -> 56
H58: c6in | I58: N/A | J58: m6id | K58: =If(C$20 = 0, Ceiling(($C$19 / VLOOKUp(Concat("$", Concat(J58, ".Search")) ,U$4:AB$780, 4, false) * VLOOKUp(Concat("$", Concat(J58, ".Search")) ,U$4:AB$780, 8, false) / AZ),1) * AZ, If(VLOOKUp(Concat("$", Concat(J58, ".Search")) ,U$4:AB$780, 5, false) = 0 , "N/A", Max( Ceiling(($C$20 / (VLOOKUp(Concat("$", Concat(J58, ".Search")) ,U$4:AB$780, 5, false) * VLOOKUp(Concat("$", Concat(J58, ".Search")) ,U$4:AB$780, 6, false)* (1 - DiskOverprovisioning))) / AZ,1) * AZ , Ceiling(($C$19 / VLOOKUp(Concat("$", Concat(J58, ".Search")) ,U$4:AB$780, 4, false) / AZ),1) * AZ ) * VLOOKUp(Concat("$", Concat(J58, ".Search")) ,U$4:AB$780, 8, false) ) ) -> 4365.4 | M58: c6in | N58: N/A | O58: N/A | P58: =VLOOKUp(Concat("$", Concat(Q58, ".Search")) ,U$4:AB$780, 5, false) * VLOOKUp(Concat("$", Concat(Q58, ".Search")) ,U$4:AB$780, 6, false) * (1 - $C$12)/ VLOOKUp(Concat("$", Concat(Q58, ".Search")) ,U$4:AB$780, 4, false) -> 12.617188 | Q58: m6id | R58: =if(P58=0, "N/A", P58) -> 12.617188 | S58: =if(P58=0, "N/A", Abs(P58-$C$21)) -> 14.221009 | U58: $c6a. | V58: c6a.xlarge | W58: 4 | X58: 8 | Y58: 0 | Z58: 0 | AA58: Up to 12.5 Gigabit | AB58: 73.88 | AD58: =if(Miscellaneous!E58*AWS!C$5> 256, "", Miscellaneous!E58*AWS!C$5) -> 57
H59: c7a | I59: N/A | J59: m6idn | K59: =If(C$20 = 0, Ceiling(($C$19 / VLOOKUp(Concat("$", Concat(J59, ".Search")) ,U$4:AB$780, 4, false) * VLOOKUp(Concat("$", Concat(J59, ".Search")) ,U$4:AB$780, 8, false) / AZ),1) * AZ, If(VLOOKUp(Concat("$", Concat(J59, ".Search")) ,U$4:AB$780, 5, false) = 0 , "N/A", Max( Ceiling(($C$20 / (VLOOKUp(Concat("$", Concat(J59, ".Search")) ,U$4:AB$780, 5, false) * VLOOKUp(Concat("$", Concat(J59, ".Search")) ,U$4:AB$780, 6, false)* (1 - DiskOverprovisioning))) / AZ,1) * AZ , Ceiling(($C$19 / VLOOKUp(Concat("$", Concat(J59, ".Search")) ,U$4:AB$780, 4, false) / AZ),1) * AZ ) * VLOOKUp(Concat("$", Concat(J59, ".Search")) ,U$4:AB$780, 8, false) ) ) -> 5854.3 | M59: c7a | N59: N/A | O59: N/A | P59: =VLOOKUp(Concat("$", Concat(Q59, ".Search")) ,U$4:AB$780, 5, false) * VLOOKUp(Concat("$", Concat(Q59, ".Search")) ,U$4:AB$780, 6, false) * (1 - $C$12)/ VLOOKUp(Concat("$", Concat(Q59, ".Search")) ,U$4:AB$780, 4, false) -> 12.617188 | Q59: m6idn | R59: =if(P59=0, "N/A", P59) -> 12.617188 | S59: =if(P59=0, "N/A", Abs(P59-$C$21)) -> 14.221009 | U59: $c6a. | V59: c6a.2xlarge | W59: 8 | X59: 16 | Y59: 0 | Z59: 0 | AA59: Up to 12.5 Gigabit | AB59: 147.77 | AD59: =if(Miscellaneous!E59*AWS!C$5> 256, "", Miscellaneous!E59*AWS!C$5) -> 58
H60: c7g | I60: N/A | J60: m6in | K60: =If(C$20 = 0, Ceiling(($C$19 / VLOOKUp(Concat("$", Concat(J60, ".Search")) ,U$4:AB$780, 4, false) * VLOOKUp(Concat("$", Concat(J60, ".Search")) ,U$4:AB$780, 8, false) / AZ),1) * AZ, If(VLOOKUp(Concat("$", Concat(J60, ".Search")) ,U$4:AB$780, 5, false) = 0 , "N/A", Max( Ceiling(($C$20 / (VLOOKUp(Concat("$", Concat(J60, ".Search")) ,U$4:AB$780, 5, false) * VLOOKUp(Concat("$", Concat(J60, ".Search")) ,U$4:AB$780, 6, false)* (1 - DiskOverprovisioning))) / AZ,1) * AZ , Ceiling(($C$19 / VLOOKUp(Concat("$", Concat(J60, ".Search")) ,U$4:AB$780, 4, false) / AZ),1) * AZ ) * VLOOKUp(Concat("$", Concat(J60, ".Search")) ,U$4:AB$780, 8, false) ) ) -> N/A | M60: c7g | N60: N/A | O60: N/A | P60: =VLOOKUp(Concat("$", Concat(Q60, ".Search")) ,U$4:AB$780, 5, false) * VLOOKUp(Concat("$", Concat(Q60, ".Search")) ,U$4:AB$780, 6, false) * (1 - $C$12)/ VLOOKUp(Concat("$", Concat(Q60, ".Search")) ,U$4:AB$780, 4, false) -> 0 | Q60: m6in | R60: =if(P60=0, "N/A", P60) -> N/A | S60: =if(P60=0, "N/A", Abs(P60-$C$21)) -> N/A | U60: $c6a. | V60: c6a.4xlarge | W60: 16 | X60: 32 | Y60: 0 | Z60: 0 | AA60: Up to 12.5 Gigabit | AB60: 295.53 | AD60: =if(Miscellaneous!E60*AWS!C$5> 256, "", Miscellaneous!E60*AWS!C$5) -> 59
... H74: m6a | I74: N/A | J74: r5d | K74: =If(C$20 = 0, Ceiling(($C$19 / VLOOKUp(Concat("$", Concat(J74, ".Search")) ,U$4:AB$780, 4, false) * VLOOKUp(Concat("$", Concat(J74, ".Search")) ,U$4:AB$780, 8, false) / AZ),1) * AZ, If(VLOOKUp(Concat("$", Concat(J74, ".Search")) ,U$4:AB$780, 5, false) = 0 , "N/A", Max( Ceiling(($C$20 / (VLOOKUp(Concat("$", Concat(J74, ".Search")) ,U$4:AB$780, 5, false) * VLOOKUp(Concat("$", Concat(J74, ".Search")) ,U$4:AB$780, 6, false)* (1 - DiskOverprovisioning))) / AZ,1) * AZ , Ceiling(($C$19 / VLOOKUp(Concat("$", Concat(J74, ".Search")) ,U$4:AB$780, 4, false) / AZ),1) * AZ ) * VLOOKUp(Concat("$", Concat(J74, ".Search")) ,U$4:AB$780, 8, false) ) ) -> 8479.68 | M74: m6a | N74: N/A | O74: N/A | P74: =VLOOKUp(Concat("$", Concat(Q74, ".Search")) ,U$4:AB$780, 5, false) * VLOOKUp(Concat("$", Concat(Q74, ".Search")) ,U$4:AB$780, 6, false) * (1 - $C$12)/ VLOOKUp(Concat("$", Concat(Q74, ".Search")) ,U$4:AB$780, 4, false) -> 3.984375 | Q74: r5d | R74: =if(P74=0, "N/A", P74) -> 3.984375 | S74: =if(P74=0, "N/A", Abs(P74-$C$21)) -> 22.853822 | U74: $c6g. | V74: c6g.16xlarge | W74: 64 | X74: 128 | Y74: 0 | Z74: 0 | AA74: 25 Gigabit | AB74: 1000.76 | AD74: =if(Miscellaneous!E74*AWS!C$5> 256, "", Miscellaneous!E74*AWS!C$5) -> 73
H75: m6g | I75: N/A | J75: r5dn | K75: =If(C$20 = 0, Ceiling(($C$19 / VLOOKUp(Concat("$", Concat(J75, ".Search")) ,U$4:AB$780, 4, false) * VLOOKUp(Concat("$", Concat(J75, ".Search")) ,U$4:AB$780, 8, false) / AZ),1) * AZ, If(VLOOKUp(Concat("$", Concat(J75, ".Search")) ,U$4:AB$780, 5, false) = 0 , "N/A", Max( Ceiling(($C$20 / (VLOOKUp(Concat("$", Concat(J75, ".Search")) ,U$4:AB$780, 5, false) * VLOOKUp(Concat("$", Concat(J75, ".Search")) ,U$4:AB$780, 6, false)* (1 - DiskOverprovisioning))) / AZ,1) * AZ , Ceiling(($C$19 / VLOOKUp(Concat("$", Concat(J75, ".Search")) ,U$4:AB$780, 4, false) / AZ),1) * AZ ) * VLOOKUp(Concat("$", Concat(J75, ".Search")) ,U$4:AB$780, 8, false) ) ) -> 9834.56 | M75: m6g | N75: N/A | O75: N/A | P75: =VLOOKUp(Concat("$", Concat(Q75, ".Search")) ,U$4:AB$780, 5, false) * VLOOKUp(Concat("$", Concat(Q75, ".Search")) ,U$4:AB$780, 6, false) * (1 - $C$12)/ VLOOKUp(Concat("$", Concat(Q75, ".Search")) ,U$4:AB$780, 4, false) -> 3.984375 | Q75: r5dn | R75: =if(P75=0, "N/A", P75) -> 3.984375 | S75: =if(P75=0, "N/A", Abs(P75-$C$21)) -> 22.853822 | U75: $c6gd. | V75: c6gd.medium | W75: 1 | X75: 2 | Y75: 1900 | Z75: =Z76/2 -> 0.03125 | AA75: Up to 10 Gigabit | AB75: 17.67 | AD75: =if(Miscellaneous!E75*AWS!C$5> 256, "", Miscellaneous!E75*AWS!C$5) -> 74
H76: m6i | I76: N/A | J76: r5n | K76: =If(C$20 = 0, Ceiling(($C$19 / VLOOKUp(Concat("$", Concat(J76, ".Search")) ,U$4:AB$780, 4, false) * VLOOKUp(Concat("$", Concat(J76, ".Search")) ,U$4:AB$780, 8, false) / AZ),1) * AZ, If(VLOOKUp(Concat("$", Concat(J76, ".Search")) ,U$4:AB$780, 5, false) = 0 , "N/A", Max( Ceiling(($C$20 / (VLOOKUp(Concat("$", Concat(J76, ".Search")) ,U$4:AB$780, 5, false) * VLOOKUp(Concat("$", Concat(J76, ".Search")) ,U$4:AB$780, 6, false)* (1 - DiskOverprovisioning))) / AZ,1) * AZ , Ceiling(($C$19 / VLOOKUp(Concat("$", Concat(J76, ".Search")) ,U$4:AB$780, 4, false) / AZ),1) * AZ ) * VLOOKUp(Concat("$", Concat(J76, ".Search")) ,U$4:AB$780, 8, false) ) ) -> N/A | M76: m6i | N76: N/A | O76: N/A | P76: =VLOOKUp(Concat("$", Concat(Q76, ".Search")) ,U$4:AB$780, 5, false) * VLOOKUp(Concat("$", Concat(Q76, ".Search")) ,U$4:AB$780, 6, false) * (1 - $C$12)/ VLOOKUp(Concat("$", Concat(Q76, ".Search")) ,U$4:AB$780, 4, false) -> 0 | Q76: r5n | R76: =if(P76=0, "N/A", P76) -> N/A | S76: =if(P76=0, "N/A", Abs(P76-$C$21)) -> N/A | U76: $c6gd. | V76: c6gd.large | W76: 2 | X76: 4 | Y76: 1900 | Z76: =0.125/2 -> 0.0625 | AA76: Up to 10 Gigabit | AB76: 35.33 | AD76: =if(Miscellaneous!E76*AWS!C$5> 256, "", Miscellaneous!E76*AWS!C$5) -> 75
H77: m6in | I77: N/A | J77: r6a | K77: =If(C$20 = 0, Ceiling(($C$19 / VLOOKUp(Concat("$", Concat(J77, ".Search")) ,U$4:AB$780, 4, false) * VLOOKUp(Concat("$", Concat(J77, ".Search")) ,U$4:AB$780, 8, false) / AZ),1) * AZ, If(VLOOKUp(Concat("$", Concat(J77, ".Search")) ,U$4:AB$780, 5, false) = 0 , "N/A", Max( Ceiling(($C$20 / (VLOOKUp(Concat("$", Concat(J77, ".Search")) ,U$4:AB$780, 5, false) * VLOOKUp(Concat("$", Concat(J77, ".Search")) ,U$4:AB$780, 6, false)* (1 - DiskOverprovisioning))) / AZ,1) * AZ , Ceiling(($C$19 / VLOOKUp(Concat("$", Concat(J77, ".Search")) ,U$4:AB$780, 4, false) / AZ),1) * AZ ) * VLOOKUp(Concat("$", Concat(J77, ".Search")) ,U$4:AB$780, 8, false) ) ) -> N/A | M77: m6in | N77: N/A | O77: N/A | P77: =VLOOKUp(Concat("$", Concat(Q77, ".Search")) ,U$4:AB$780, 5, false) * VLOOKUp(Concat("$", Concat(Q77, ".Search")) ,U$4:AB$780, 6, false) * (1 - $C$12)/ VLOOKUp(Concat("$", Concat(Q77, ".Search")) ,U$4:AB$780, 4, false) -> 0 | Q77: r6a | R77: =if(P77=0, "N/A", P77) -> N/A | S77: =if(P77=0, "N/A", Abs(P77-$C$21)) -> N/A | U77: $c6gd. | V77: c6gd.xlarge | W77: 4 | X77: 8 | Y77: 1900 | Z77: 0.125 | AA77: Up to 10 Gigabit | AB77: 70.66 | AD77: =if(Miscellaneous!E77*AWS!C$5> 256, "", Miscellaneous!E77*AWS!C$5) -> 76
H78: m7a | I78: N/A | J78: r6g | K78: =If(C$20 = 0, Ceiling(($C$19 / VLOOKUp(Concat("$", Concat(J78, ".Search")) ,U$4:AB$780, 4, false) * VLOOKUp(Concat("$", Concat(J78, ".Search")) ,U$4:AB$780, 8, false) / AZ),1) * AZ, If(VLOOKUp(Concat("$", Concat(J78, ".Search")) ,U$4:AB$780, 5, false) = 0 , "N/A", Max( Ceiling(($C$20 / (VLOOKUp(Concat("$", Concat(J78, ".Search")) ,U$4:AB$780, 5, false) * VLOOKUp(Concat("$", Concat(J78, ".Search")) ,U$4:AB$780, 6, false)* (1 - DiskOverprovisioning))) / AZ,1) * AZ , Ceiling(($C$19 / VLOOKUp(Concat("$", Concat(J78, ".Search")) ,U$4:AB$780, 4, false) / AZ),1) * AZ ) * VLOOKUp(Concat("$", Concat(J78, ".Search")) ,U$4:AB$780, 8, false) ) ) -> N/A | M78: m7a | N78: N/A | O78: N/A | P78: =VLOOKUp(Concat("$", Concat(Q78, ".Search")) ,U$4:AB$780, 5, false) * VLOOKUp(Concat("$", Concat(Q78, ".Search")) ,U$4:AB$780, 6, false) * (1 - $C$12)/ VLOOKUp(Concat("$", Concat(Q78, ".Search")) ,U$4:AB$780, 4, false) -> 0 | Q78: r6g | R78: =if(P78=0, "N/A", P78) -> N/A | S78: =if(P78=0, "N/A", Abs(P78-$C$21)) -> N/A | U78: $c6gd. | V78: c6gd.2xlarge | W78: 8 | X78: 16 | Y78: 1900 | Z78: 0.25 | AA78: Up to 10 Gigabit | AB78: 141.26 | AD78: =if(Miscellaneous!E78*AWS!C$5> 256, "", Miscellaneous!E78*AWS!C$5) -> 77
H79: m7g | I79: N/A | J79: r6gd | K79: =If(C$20 = 0, Ceiling(($C$19 / VLOOKUp(Concat("$", Concat(J79, ".Search")) ,U$4:AB$780, 4, false) * VLOOKUp(Concat("$", Concat(J79, ".Search")) ,U$4:AB$780, 8, false) / AZ),1) * AZ, If(VLOOKUp(Concat("$", Concat(J79, ".Search")) ,U$4:AB$780, 5, false) = 0 , "N/A", Max( Ceiling(($C$20 / (VLOOKUp(Concat("$", Concat(J79, ".Search")) ,U$4:AB$780, 5, false) * VLOOKUp(Concat("$", Concat(J79, ".Search")) ,U$4:AB$780, 6, false)* (1 - DiskOverprovisioning))) / AZ,1) * AZ , Ceiling(($C$19 / VLOOKUp(Concat("$", Concat(J79, ".Search")) ,U$4:AB$780, 4, false) / AZ),1) * AZ ) * VLOOKUp(Concat("$", Concat(J79, ".Search")) ,U$4:AB$780, 8, false) ) ) -> 4238.4 | M79: m7g | N79: N/A | O79: N/A | P79: =VLOOKUp(Concat("$", Concat(Q79, ".Search")) ,U$4:AB$780, 5, false) * VLOOKUp(Concat("$", Concat(Q79, ".Search")) ,U$4:AB$780, 6, false) * (1 - $C$12)/ VLOOKUp(Concat("$", Concat(Q79, ".Search")) ,U$4:AB$780, 4, false) -> 6.3085938 | Q79: r6gd | R79: =if(P79=0, "N/A", P79) -> 6.3085938 | S79: =if(P79=0, "N/A", Abs(P79-$C$21)) -> 20.529603 | U79: $c6gd.Search | V79: c6gd.4xlarge | W79: 16 | X79: 32 | Y79: 1900 | Z79: 0.5 | AA79: Up to 10 Gigabit | AB79: 282.58 | AD79: =if(Miscellaneous!E79*AWS!C$5> 256, "", Miscellaneous!E79*AWS!C$5) -> 78
H80: m7i-flex | I80: N/A | J80: r6i | K80: =If(C$20 = 0, Ceiling(($C$19 / VLOOKUp(Concat("$", Concat(J80, ".Search")) ,U$4:AB$780, 4, false) * VLOOKUp(Concat("$", Concat(J80, ".Search")) ,U$4:AB$780, 8, false) / AZ),1) * AZ, If(VLOOKUp(Concat("$", Concat(J80, ".Search")) ,U$4:AB$780, 5, false) = 0 , "N/A", Max( Ceiling(($C$20 / (VLOOKUp(Concat("$", Concat(J80, ".Search")) ,U$4:AB$780, 5, false) * VLOOKUp(Concat("$", Concat(J80, ".Search")) ,U$4:AB$780, 6, false)* (1 - DiskOverprovisioning))) / AZ,1) * AZ , Ceiling(($C$19 / VLOOKUp(Concat("$", Concat(J80, ".Search")) ,U$4:AB$780, 4, false) / AZ),1) * AZ ) * VLOOKUp(Concat("$", Concat(J80, ".Search")) ,U$4:AB$780, 8, false) ) ) -> N/A | M80: m7i-flex | N80: N/A | O80: N/A | P80: =VLOOKUp(Concat("$", Concat(Q80, ".Search")) ,U$4:AB$780, 5, false) * VLOOKUp(Concat("$", Concat(Q80, ".Search")) ,U$4:AB$780, 6, false) * (1 - $C$12)/ VLOOKUp(Concat("$", Concat(Q80, ".Search")) ,U$4:AB$780, 4, false) -> 0 | Q80: r6i | R80: =if(P80=0, "N/A", P80) -> N/A | S80: =if(P80=0, "N/A", Abs(P80-$C$21)) -> N/A | U80: $c6gd. | V80: c6gd.8xlarge | W80: 32 | X80: 64 | Y80: 1900 | Z80: 1 | AA80: 12 Gigabit | AB80: 565.09 | AD80: =if(Miscellaneous!E80*AWS!C$5> 256, "", Miscellaneous!E80*AWS!C$5) -> 79
H81: m7i | I81: N/A | J81: r6id | K81: =If(C$20 = 0, Ceiling(($C$19 / VLOOKUp(Concat("$", Concat(J81, ".Search")) ,U$4:AB$780, 4, false) * VLOOKUp(Concat("$", Concat(J81, ".Search")) ,U$4:AB$780, 8, false) / AZ),1) * AZ, If(VLOOKUp(Concat("$", Concat(J81, ".Search")) ,U$4:AB$780, 5, false) = 0 , "N/A", Max( Ceiling(($C$20 / (VLOOKUp(Concat("$", Concat(J81, ".Search")) ,U$4:AB$780, 5, false) * VLOOKUp(Concat("$", Concat(J81, ".Search")) ,U$4:AB$780, 6, false)* (1 - DiskOverprovisioning))) / AZ,1) * AZ , Ceiling(($C$19 / VLOOKUp(Concat("$", Concat(J81, ".Search")) ,U$4:AB$780, 4, false) / AZ),1) * AZ ) * VLOOKUp(Concat("$", Concat(J81, ".Search")) ,U$4:AB$780, 8, false) ) ) -> 5549.5 | M81: m7i | N81: N/A | O81: N/A | P81: =VLOOKUp(Concat("$", Concat(Q81, ".Search")) ,U$4:AB$780, 5, false) * VLOOKUp(Concat("$", Concat(Q81, ".Search")) ,U$4:AB$780, 6, false) * (1 - $C$12)/ VLOOKUp(Concat("$", Concat(Q81, ".Search")) ,U$4:AB$780, 4, false) -> 6.3085938 | Q81: r6id | R81: =if(P81=0, "N/A", P81) -> 6.3085938 | S81: =if(P81=0, "N/A", Abs(P81-$C$21)) -> 20.529603 | U81: $c6gd. | V81: c6gd.12xlarge | W81: 48 | X81: 96 | Y81: 1900 | Z81: =2*1425/1900 -> 1.5 | AA81: 20 Gigabit | AB81: 847.68 | AD81: =if(Miscellaneous!E81*AWS!C$5> 256, "", Miscellaneous!E81*AWS!C$5) -> 80
H82: m8g | I82: N/A | J82: r6idn | K82: =If(C$20 = 0, Ceiling(($C$19 / VLOOKUp(Concat("$", Concat(J82, ".Search")) ,U$4:AB$780, 4, false) * VLOOKUp(Concat("$", Concat(J82, ".Search")) ,U$4:AB$780, 8, false) / AZ),1) * AZ, If(VLOOKUp(Concat("$", Concat(J82, ".Search")) ,U$4:AB$780, 5, false) = 0 , "N/A", Max( Ceiling(($C$20 / (VLOOKUp(Concat("$", Concat(J82, ".Search")) ,U$4:AB$780, 5, false) * VLOOKUp(Concat("$", Concat(J82, ".Search")) ,U$4:AB$780, 6, false)* (1 - DiskOverprovisioning))) / AZ,1) * AZ , Ceiling(($C$19 / VLOOKUp(Concat("$", Concat(J82, ".Search")) ,U$4:AB$780, 4, false) / AZ),1) * AZ ) * VLOOKUp(Concat("$", Concat(J82, ".Search")) ,U$4:AB$780, 8, false) ) ) -> 7188.8 | M82: m8g | N82: N/A | O82: N/A | P82: =VLOOKUp(Concat("$", Concat(Q82, ".Search")) ,U$4:AB$780, 5, false) * VLOOKUp(Concat("$", Concat(Q82, ".Search")) ,U$4:AB$780, 6, false) * (1 - $C$12)/ VLOOKUp(Concat("$", Concat(Q82, ".Search")) ,U$4:AB$780, 4, false) -> 6.3085938 | Q82: r6idn | R82: =if(P82=0, "N/A", P82) -> 6.3085938 | S82: =if(P82=0, "N/A", Abs(P82-$C$21)) -> 20.529603 | U82: $c6gd. | V82: c6gd.16xlarge | W82: 64 | X82: 128 | Y82: 1900 | Z82: 2 | AA82: 25 Gigabit | AB82: 1130.26 | AD82: =if(Miscellaneous!E82*AWS!C$5> 256, "", Miscellaneous!E82*AWS!C$5) -> 81
H83: r4 | I83: N/A | J83: r6in | K83: =If(C$20 = 0, Ceiling(($C$19 / VLOOKUp(Concat("$", Concat(J83, ".Search")) ,U$4:AB$780, 4, false) * VLOOKUp(Concat("$", Concat(J83, ".Search")) ,U$4:AB$780, 8, false) / AZ),1) * AZ, If(VLOOKUp(Concat("$", Concat(J83, ".Search")) ,U$4:AB$780, 5, false) = 0 , "N/A", Max( Ceiling(($C$20 / (VLOOKUp(Concat("$", Concat(J83, ".Search")) ,U$4:AB$780, 5, false) * VLOOKUp(Concat("$", Concat(J83, ".Search")) ,U$4:AB$780, 6, false)* (1 - DiskOverprovisioning))) / AZ,1) * AZ , Ceiling(($C$19 / VLOOKUp(Concat("$", Concat(J83, ".Search")) ,U$4:AB$780, 4, false) / AZ),1) * AZ ) * VLOOKUp(Concat("$", Concat(J83, ".Search")) ,U$4:AB$780, 8, false) ) ) -> N/A | M83: r4 | N83: N/A | O83: N/A | P83: =VLOOKUp(Concat("$", Concat(Q83, ".Search")) ,U$4:AB$780, 5, false) * VLOOKUp(Concat("$", Concat(Q83, ".Search")) ,U$4:AB$780, 6, false) * (1 - $C$12)/ VLOOKUp(Concat("$", Concat(Q83, ".Search")) ,U$4:AB$780, 4, false) -> 0 | Q83: r6in | R83: =if(P83=0, "N/A", P83) -> N/A | S83: =if(P83=0, "N/A", Abs(P83-$C$21)) -> N/A | U83: $c6gn.Search | V83: c6gn.medium | W83: 1 | X83: 2 | Y83: 0 | Z83: 0 | AA83: Up to 16 Gigabit | AB83: 19.91 | AD83: =if(Miscellaneous!E83*AWS!C$5> 256, "", Miscellaneous!E83*AWS!C$5) -> 82
H84: r5 | I84: N/A | J84: r7a | K84: =If(C$20 = 0, Ceiling(($C$19 / VLOOKUp(Concat("$", Concat(J84, ".Search")) ,U$4:AB$780, 4, false) * VLOOKUp(Concat("$", Concat(J84, ".Search")) ,U$4:AB$780, 8, false) / AZ),1) * AZ, If(VLOOKUp(Concat("$", Concat(J84, ".Search")) ,U$4:AB$780, 5, false) = 0 , "N/A", Max( Ceiling(($C$20 / (VLOOKUp(Concat("$", Concat(J84, ".Search")) ,U$4:AB$780, 5, false) * VLOOKUp(Concat("$", Concat(J84, ".Search")) ,U$4:AB$780, 6, false)* (1 - DiskOverprovisioning))) / AZ,1) * AZ , Ceiling(($C$19 / VLOOKUp(Concat("$", Concat(J84, ".Search")) ,U$4:AB$780, 4, false) / AZ),1) * AZ ) * VLOOKUp(Concat("$", Concat(J84, ".Search")) ,U$4:AB$780, 8, false) ) ) -> N/A | M84: r5 | N84: N/A | O84: N/A | P84: =VLOOKUp(Concat("$", Concat(Q84, ".Search")) ,U$4:AB$780, 5, false) * VLOOKUp(Concat("$", Concat(Q84, ".Search")) ,U$4:AB$780, 6, false) * (1 - $C$12)/ VLOOKUp(Concat("$", Concat(Q84, ".Search")) ,U$4:AB$780, 4, false) -> 0 | Q84: r7a | R84: =if(P84=0, "N/A", P84) -> N/A | S84: =if(P84=0, "N/A", Abs(P84-$C$21)) -> N/A | U84: $c6gn. | V84: c6gn.large | W84: 2 | X84: 4 | Y84: 0 | Z84: 0 | AA84: Up to 25 Gigabit | AB84: 39.81 | AD84: =if(Miscellaneous!E84*AWS!C$5> 256, "", Miscellaneous!E84*AWS!C$5) -> 83
H85: r5a | I85: N/A | J85: r7g | K85: =If(C$20 = 0, Ceiling(($C$19 / VLOOKUp(Concat("$", Concat(J85, ".Search")) ,U$4:AB$780, 4, false) * VLOOKUp(Concat("$", Concat(J85, ".Search")) ,U$4:AB$780, 8, false) / AZ),1) * AZ, If(VLOOKUp(Concat("$", Concat(J85, ".Search")) ,U$4:AB$780, 5, false) = 0 , "N/A", Max( Ceiling(($C$20 / (VLOOKUp(Concat("$", Concat(J85, ".Search")) ,U$4:AB$780, 5, false) * VLOOKUp(Concat("$", Concat(J85, ".Search")) ,U$4:AB$780, 6, false)* (1 - DiskOverprovisioning))) / AZ,1) * AZ , Ceiling(($C$19 / VLOOKUp(Concat("$", Concat(J85, ".Search")) ,U$4:AB$780, 4, false) / AZ),1) * AZ ) * VLOOKUp(Concat("$", Concat(J85, ".Search")) ,U$4:AB$780, 8, false) ) ) -> N/A | M85: r5a | N85: N/A | O85: N/A | P85: =VLOOKUp(Concat("$", Concat(Q85, ".Search")) ,U$4:AB$780, 5, false) * VLOOKUp(Concat("$", Concat(Q85, ".Search")) ,U$4:AB$780, 6, false) * (1 - $C$12)/ VLOOKUp(Concat("$", Concat(Q85, ".Search")) ,U$4:AB$780, 4, false) -> 0 | Q85: r7g | R85: =if(P85=0, "N/A", P85) -> N/A | S85: =if(P85=0, "N/A", Abs(P85-$C$21)) -> N/A | U85: $c6gn. | V85: c6gn.xlarge | W85: 4 | X85: 8 | Y85: 0 | Z85: 0 | AA85: Up to 25 Gigabit | AB85: 79.61 | AD85: =if(Miscellaneous!E85*AWS!C$5> 256, "", Miscellaneous!E85*AWS!C$5) -> 84
H86: r5b | I86: N/A | J86: r7gd | K86: =If(C$20 = 0, Ceiling(($C$19 / VLOOKUp(Concat("$", Concat(J86, ".Search")) ,U$4:AB$780, 4, false) * VLOOKUp(Concat("$", Concat(J86, ".Search")) ,U$4:AB$780, 8, false) / AZ),1) * AZ, If(VLOOKUp(Concat("$", Concat(J86, ".Search")) ,U$4:AB$780, 5, false) = 0 , "N/A", Max( Ceiling(($C$20 / (VLOOKUp(Concat("$", Concat(J86, ".Search")) ,U$4:AB$780, 5, false) * VLOOKUp(Concat("$", Concat(J86, ".Search")) ,U$4:AB$780, 6, false)* (1 - DiskOverprovisioning))) / AZ,1) * AZ , Ceiling(($C$19 / VLOOKUp(Concat("$", Concat(J86, ".Search")) ,U$4:AB$780, 4, false) / AZ),1) * AZ ) * VLOOKUp(Concat("$", Concat(J86, ".Search")) ,U$4:AB$780, 8, false) ) ) -> 4994.7 | M86: r5b | N86: N/A | O86: N/A | P86: =VLOOKUp(Concat("$", Concat(Q86, ".Search")) ,U$4:AB$780, 5, false) * VLOOKUp(Concat("$", Concat(Q86, ".Search")) ,U$4:AB$780, 6, false) * (1 - $C$12)/ VLOOKUp(Concat("$", Concat(Q86, ".Search")) ,U$4:AB$780, 4, false) -> 6.3085938 | Q86: r7gd | R86: =if(P86=0, "N/A", P86) -> 6.3085938 | S86: =if(P86=0, "N/A", Abs(P86-$C$21)) -> 20.529603 | U86: $c6gn. | V86: c6gn.2xlarge | W86: 8 | X86: 16 | Y86: 0 | Z86: 0 | AA86: Up to 25 Gigabit | AB86: 159.23 | AD86: =if(Miscellaneous!E86*AWS!C$5> 256, "", Miscellaneous!E86*AWS!C$5) -> 85
H87: r5n | I87: N/A | J87: r7i | K87: =If(C$20 = 0, Ceiling(($C$19 / VLOOKUp(Concat("$", Concat(J87, ".Search")) ,U$4:AB$780, 4, false) * VLOOKUp(Concat("$", Concat(J87, ".Search")) ,U$4:AB$780, 8, false) / AZ),1) * AZ, If(VLOOKUp(Concat("$", Concat(J87, ".Search")) ,U$4:AB$780, 5, false) = 0 , "N/A", Max( Ceiling(($C$20 / (VLOOKUp(Concat("$", Concat(J87, ".Search")) ,U$4:AB$780, 5, false) * VLOOKUp(Concat("$", Concat(J87, ".Search")) ,U$4:AB$780, 6, false)* (1 - DiskOverprovisioning))) / AZ,1) * AZ , Ceiling(($C$19 / VLOOKUp(Concat("$", Concat(J87, ".Search")) ,U$4:AB$780, 4, false) / AZ),1) * AZ ) * VLOOKUp(Concat("$", Concat(J87, ".Search")) ,U$4:AB$780, 8, false) ) ) -> N/A | M87: r5n | N87: N/A | O87: N/A | P87: =VLOOKUp(Concat("$", Concat(Q87, ".Search")) ,U$4:AB$780, 5, false) * VLOOKUp(Concat("$", Concat(Q87, ".Search")) ,U$4:AB$780, 6, false) * (1 - $C$12)/ VLOOKUp(Concat("$", Concat(Q87, ".Search")) ,U$4:AB$780, 4, false) -> 0 | Q87: r7i | R87: =if(P87=0, "N/A", P87) -> N/A | S87: =if(P87=0, "N/A", Abs(P87-$C$21)) -> N/A | U87: $c6gn. | V87: c6gn.4xlarge | W87: 16 | X87: 32 | Y87: 0 | Z87: 0 | AA87: 25 Gigabit | AB87: 318.46 | AD87: =if(Miscellaneous!E87*AWS!C$5> 256, "", Miscellaneous!E87*AWS!C$5) -> 86
H88: r6a | I88: N/A | J88: r7iz | K88: =If(C$20 = 0, Ceiling(($C$19 / VLOOKUp(Concat("$", Concat(J88, ".Search")) ,U$4:AB$780, 4, false) * VLOOKUp(Concat("$", Concat(J88, ".Search")) ,U$4:AB$780, 8, false) / AZ),1) * AZ, If(VLOOKUp(Concat("$", Concat(J88, ".Search")) ,U$4:AB$780, 5, false) = 0 , "N/A", Max( Ceiling(($C$20 / (VLOOKUp(Concat("$", Concat(J88, ".Search")) ,U$4:AB$780, 5, false) * VLOOKUp(Concat("$", Concat(J88, ".Search")) ,U$4:AB$780, 6, false)* (1 - DiskOverprovisioning))) / AZ,1) * AZ , Ceiling(($C$19 / VLOOKUp(Concat("$", Concat(J88, ".Search")) ,U$4:AB$780, 4, false) / AZ),1) * AZ ) * VLOOKUp(Concat("$", Concat(J88, ".Search")) ,U$4:AB$780, 8, false) ) ) -> N/A | M88: r6a | N88: N/A | O88: N/A | P88: =VLOOKUp(Concat("$", Concat(Q88, ".Search")) ,U$4:AB$780, 5, false) * VLOOKUp(Concat("$", Concat(Q88, ".Search")) ,U$4:AB$780, 6, false) * (1 - $C$12)/ VLOOKUp(Concat("$", Concat(Q88, ".Search")) ,U$4:AB$780, 4, false) -> 0 | Q88: r7iz | R88: =if(P88=0, "N/A", P88) -> N/A | S88: =if(P88=0, "N/A", Abs(P88-$C$21)) -> N/A | U88: $c6gn. | V88: c6gn.8xlarge | W88: 32 | X88: 64 | Y88: 0 | Z88: 0 | AA88: 50 Gigabit | AB88: 636.93 | AD88: =if(Miscellaneous!E88*AWS!C$5> 256, "", Miscellaneous!E88*AWS!C$5) -> 87
H89: r6g | I89: N/A | J89: r8g | K89: =If(C$20 = 0, Ceiling(($C$19 / VLOOKUp(Concat("$", Concat(J89, ".Search")) ,U$4:AB$780, 4, false) * VLOOKUp(Concat("$", Concat(J89, ".Search")) ,U$4:AB$780, 8, false) / AZ),1) * AZ, If(VLOOKUp(Concat("$", Concat(J89, ".Search")) ,U$4:AB$780, 5, false) = 0 , "N/A", Max( Ceiling(($C$20 / (VLOOKUp(Concat("$", Concat(J89, ".Search")) ,U$4:AB$780, 5, false) * VLOOKUp(Concat("$", Concat(J89, ".Search")) ,U$4:AB$780, 6, false)* (1 - DiskOverprovisioning))) / AZ,1) * AZ , Ceiling(($C$19 / VLOOKUp(Concat("$", Concat(J89, ".Search")) ,U$4:AB$780, 4, false) / AZ),1) * AZ ) * VLOOKUp(Concat("$", Concat(J89, ".Search")) ,U$4:AB$780, 8, false) ) ) -> N/A | M89: r6g | N89: N/A | O89: N/A | P89: =VLOOKUp(Concat("$", Concat(Q89, ".Search")) ,U$4:AB$780, 5, false) * VLOOKUp(Concat("$", Concat(Q89, ".Search")) ,U$4:AB$780, 6, false) * (1 - $C$12)/ VLOOKUp(Concat("$", Concat(Q89, ".Search")) ,U$4:AB$780, 4, false) -> 0 | Q89: r8g | R89: =if(P89=0, "N/A", P89) -> N/A | S89: =if(P89=0, "N/A", Abs(P89-$C$21)) -> N/A | U89: $c6gn. | V89: c6gn.12xlarge | W89: 48 | X89: 96 | Y89: 0 | Z89: 0 | AA89: 75 Gigabit | AB89: 955.39 | AD89: =if(Miscellaneous!E89*AWS!C$5> 256, "", Miscellaneous!E89*AWS!C$5) -> 88
H90: r6i | I90: N/A | J90: r8gd | K90: =If(C$20 = 0, Ceiling(($C$19 / VLOOKUp(Concat("$", Concat(J90, ".Search")) ,U$4:AB$780, 4, false) * VLOOKUp(Concat("$", Concat(J90, ".Search")) ,U$4:AB$780, 8, false) / AZ),1) * AZ, If(VLOOKUp(Concat("$", Concat(J90, ".Search")) ,U$4:AB$780, 5, false) = 0 , "N/A", Max( Ceiling(($C$20 / (VLOOKUp(Concat("$", Concat(J90, ".Search")) ,U$4:AB$780, 5, false) * VLOOKUp(Concat("$", Concat(J90, ".Search")) ,U$4:AB$780, 6, false)* (1 - DiskOverprovisioning))) / AZ,1) * AZ , Ceiling(($C$19 / VLOOKUp(Concat("$", Concat(J90, ".Search")) ,U$4:AB$780, 4, false) / AZ),1) * AZ ) * VLOOKUp(Concat("$", Concat(J90, ".Search")) ,U$4:AB$780, 8, false) ) ) -> 5655.5 | M90: r6i | N90: N/A | O90: N/A | P90: =VLOOKUp(Concat("$", Concat(Q90, ".Search")) ,U$4:AB$780, 5, false) * VLOOKUp(Concat("$", Concat(Q90, ".Search")) ,U$4:AB$780, 6, false) * (1 - $C$12)/ VLOOKUp(Concat("$", Concat(Q90, ".Search")) ,U$4:AB$780, 4, false) -> 6.3085938 | Q90: r8gd | R90: =if(P90=0, "N/A", P90) -> 6.3085938 | S90: =if(P90=0, "N/A", Abs(P90-$C$21)) -> 20.529603 | U90: $c6gn. | V90: c6gn.16xlarge | W90: 64 | X90: 128 | Y90: 0 | Z90: 0 | AA90: 100 Gigabit | AB90: 1273.86 | AD90: =if(Miscellaneous!E90*AWS!C$5> 256, "", Miscellaneous!E90*AWS!C$5) -> 89
H91: r6in | I91: N/A | J91: t1 | K91: =If(C$20 = 0, Ceiling(($C$19 / VLOOKUp(Concat("$", Concat(J91, ".Search")) ,U$4:AB$780, 4, false) * VLOOKUp(Concat("$", Concat(J91, ".Search")) ,U$4:AB$780, 8, false) / AZ),1) * AZ, If(VLOOKUp(Concat("$", Concat(J91, ".Search")) ,U$4:AB$780, 5, false) = 0 , "N/A", Max( Ceiling(($C$20 / (VLOOKUp(Concat("$", Concat(J91, ".Search")) ,U$4:AB$780, 5, false) * VLOOKUp(Concat("$", Concat(J91, ".Search")) ,U$4:AB$780, 6, false)* (1 - DiskOverprovisioning))) / AZ,1) * AZ , Ceiling(($C$19 / VLOOKUp(Concat("$", Concat(J91, ".Search")) ,U$4:AB$780, 4, false) / AZ),1) * AZ ) * VLOOKUp(Concat("$", Concat(J91, ".Search")) ,U$4:AB$780, 8, false) ) ) -> N/A | M91: r6in | N91: N/A | O91: N/A | P91: =VLOOKUp(Concat("$", Concat(Q91, ".Search")) ,U$4:AB$780, 5, false) * VLOOKUp(Concat("$", Concat(Q91, ".Search")) ,U$4:AB$780, 6, false) * (1 - $C$12)/ VLOOKUp(Concat("$", Concat(Q91, ".Search")) ,U$4:AB$780, 4, false) -> 0 | Q91: t1 | R91: =if(P91=0, "N/A", P91) -> N/A | S91: =if(P91=0, "N/A", Abs(P91-$C$21)) -> N/A | U91: $c6i.Search | V91: c6i.large | W91: 2 | X91: 4 | Y91: 0 | Z91: 0 | AA91: Up to 12.5 Gigabit | AB91: 41.05 | AD91: =if(Miscellaneous!E91*AWS!C$5> 256, "", Miscellaneous!E91*AWS!C$5) -> 90
H92: r7a | I92: N/A | J92: t2 | K92: =If(C$20 = 0, Ceiling(($C$19 / VLOOKUp(Concat("$", Concat(J92, ".Search")) ,U$4:AB$780, 4, false) * VLOOKUp(Concat("$", Concat(J92, ".Search")) ,U$4:AB$780, 8, false) / AZ),1) * AZ, If(VLOOKUp(Concat("$", Concat(J92, ".Search")) ,U$4:AB$780, 5, false) = 0 , "N/A", Max( Ceiling(($C$20 / (VLOOKUp(Concat("$", Concat(J92, ".Search")) ,U$4:AB$780, 5, false) * VLOOKUp(Concat("$", Concat(J92, ".Search")) ,U$4:AB$780, 6, false)* (1 - DiskOverprovisioning))) / AZ,1) * AZ , Ceiling(($C$19 / VLOOKUp(Concat("$", Concat(J92, ".Search")) ,U$4:AB$780, 4, false) / AZ),1) * AZ ) * VLOOKUp(Concat("$", Concat(J92, ".Search")) ,U$4:AB$780, 8, false) ) ) -> N/A | M92: r7a | N92: N/A | O92: N/A | P92: =VLOOKUp(Concat("$", Concat(Q92, ".Search")) ,U$4:AB$780, 5, false) * VLOOKUp(Concat("$", Concat(Q92, ".Search")) ,U$4:AB$780, 6, false) * (1 - $C$12)/ VLOOKUp(Concat("$", Concat(Q92, ".Search")) ,U$4:AB$780, 4, false) -> 0 | Q92: t2 | R92: =if(P92=0, "N/A", P92) -> N/A | S92: =if(P92=0, "N/A", Abs(P92-$C$21)) -> N/A | U92: $c6i. | V92: c6i.xlarge | W92: 4 | X92: 8 | Y92: 0 | Z92: 0 | AA92: Up to 12.5 Gigabit | AB92: 82.1 | AD92: =if(Miscellaneous!E92*AWS!C$5> 256, "", Miscellaneous!E92*AWS!C$5) -> 91
H93: r7g | I93: N/A | J93: t3 | K93: =If(C$20 = 0, Ceiling(($C$19 / VLOOKUp(Concat("$", Concat(J93, ".Search")) ,U$4:AB$780, 4, false) * VLOOKUp(Concat("$", Concat(J93, ".Search")) ,U$4:AB$780, 8, false) / AZ),1) * AZ, If(VLOOKUp(Concat("$", Concat(J93, ".Search")) ,U$4:AB$780, 5, false) = 0 , "N/A", Max( Ceiling(($C$20 / (VLOOKUp(Concat("$", Concat(J93, ".Search")) ,U$4:AB$780, 5, false) * VLOOKUp(Concat("$", Concat(J93, ".Search")) ,U$4:AB$780, 6, false)* (1 - DiskOverprovisioning))) / AZ,1) * AZ , Ceiling(($C$19 / VLOOKUp(Concat("$", Concat(J93, ".Search")) ,U$4:AB$780, 4, false) / AZ),1) * AZ ) * VLOOKUp(Concat("$", Concat(J93, ".Search")) ,U$4:AB$780, 8, false) ) ) -> N/A | M93: r7g | N93: N/A | O93: N/A | P93: =VLOOKUp(Concat("$", Concat(Q93, ".Search")) ,U$4:AB$780, 5, false) * VLOOKUp(Concat("$", Concat(Q93, ".Search")) ,U$4:AB$780, 6, false) * (1 - $C$12)/ VLOOKUp(Concat("$", Concat(Q93, ".Search")) ,U$4:AB$780, 4, false) -> 0 | Q93: t3 | R93: =if(P93=0, "N/A", P93) -> N/A | S93: =if(P93=0, "N/A", Abs(P93-$C$21)) -> N/A | U93: $c6i. | V93: c6i.2xlarge | W93: 8 | X93: 16 | Y93: 0 | Z93: 0 | AA93: Up to 12.5 Gigabit | AB93: 164.18 | AD93: =if(Miscellaneous!E93*AWS!C$5> 256, "", Miscellaneous!E93*AWS!C$5) -> 92
... H99: t3 | I99: N/A | J99: u-3tb1 | K99: =If(C$20 = 0, Ceiling(($C$19 / VLOOKUp(Concat("$", Concat(J99, ".Search")) ,U$4:AB$780, 4, false) * VLOOKUp(Concat("$", Concat(J99, ".Search")) ,U$4:AB$780, 8, false) / AZ),1) * AZ, If(VLOOKUp(Concat("$", Concat(J99, ".Search")) ,U$4:AB$780, 5, false) = 0 , "N/A", Max( Ceiling(($C$20 / (VLOOKUp(Concat("$", Concat(J99, ".Search")) ,U$4:AB$780, 5, false) * VLOOKUp(Concat("$", Concat(J99, ".Search")) ,U$4:AB$780, 6, false)* (1 - DiskOverprovisioning))) / AZ,1) * AZ , Ceiling(($C$19 / VLOOKUp(Concat("$", Concat(J99, ".Search")) ,U$4:AB$780, 4, false) / AZ),1) * AZ ) * VLOOKUp(Concat("$", Concat(J99, ".Search")) ,U$4:AB$780, 8, false) ) ) -> N/A | M99: t3 | N99: N/A | O99: N/A | P99: =VLOOKUp(Concat("$", Concat(Q99, ".Search")) ,U$4:AB$780, 5, false) * VLOOKUp(Concat("$", Concat(Q99, ".Search")) ,U$4:AB$780, 6, false) * (1 - $C$12)/ VLOOKUp(Concat("$", Concat(Q99, ".Search")) ,U$4:AB$780, 4, false) -> 0 | Q99: u-3tb1 | R99: =if(P99=0, "N/A", P99) -> N/A | S99: =if(P99=0, "N/A", Abs(P99-$C$21)) -> N/A | U99: $c6i. | V99: c6i.32xlarge | W99: 128 | X99: 256 | Y99: 0 | Z99: 0 | AA99: 50 Gigabit | AB99: 2626.95 | AD99: =if(Miscellaneous!E99*AWS!C$5> 256, "", Miscellaneous!E99*AWS!C$5) -> 98
H100: t3a | I100: N/A | J100: u-6tb1 | K100: =If(C$20 = 0, Ceiling(($C$19 / VLOOKUp(Concat("$", Concat(J100, ".Search")) ,U$4:AB$780, 4, false) * VLOOKUp(Concat("$", Concat(J100, ".Search")) ,U$4:AB$780, 8, false) / AZ),1) * AZ, If(VLOOKUp(Concat("$", Concat(J100, ".Search")) ,U$4:AB$780, 5, false) = 0 , "N/A", Max( Ceiling(($C$20 / (VLOOKUp(Concat("$", Concat(J100, ".Search")) ,U$4:AB$780, 5, false) * VLOOKUp(Concat("$", Concat(J100, ".Search")) ,U$4:AB$780, 6, false)* (1 - DiskOverprovisioning))) / AZ,1) * AZ , Ceiling(($C$19 / VLOOKUp(Concat("$", Concat(J100, ".Search")) ,U$4:AB$780, 4, false) / AZ),1) * AZ ) * VLOOKUp(Concat("$", Concat(J100, ".Search")) ,U$4:AB$780, 8, false) ) ) -> N/A | M100: t3a | N100: N/A | O100: N/A | P100: =VLOOKUp(Concat("$", Concat(Q100, ".Search")) ,U$4:AB$780, 5, false) * VLOOKUp(Concat("$", Concat(Q100, ".Search")) ,U$4:AB$780, 6, false) * (1 - $C$12)/ VLOOKUp(Concat("$", Concat(Q100, ".Search")) ,U$4:AB$780, 4, false) -> 0 | Q100: u-6tb1 | R100: =if(P100=0, "N/A", P100) -> N/A | S100: =if(P100=0, "N/A", Abs(P100-$C$21)) -> N/A | U100: $c6id. | V100: c6id.large | W100: 2 | X100: 4 | Y100: 1900 | Z100: =0.125/2 -> 0.0625 | AA100: Up to 12.5 Gigabit | AB100: 46.38 | AD100: =if(Miscellaneous!E100*AWS!C$5> 256, "", Miscellaneous!E100*AWS!C$5) -> 99
H101: t4g | I101: N/A | J101: u-9tb1 | K101: =If(C$20 = 0, Ceiling(($C$19 / VLOOKUp(Concat("$", Concat(J101, ".Search")) ,U$4:AB$780, 4, false) * VLOOKUp(Concat("$", Concat(J101, ".Search")) ,U$4:AB$780, 8, false) / AZ),1) * AZ, If(VLOOKUp(Concat("$", Concat(J101, ".Search")) ,U$4:AB$780, 5, false) = 0 , "N/A", Max( Ceiling(($C$20 / (VLOOKUp(Concat("$", Concat(J101, ".Search")) ,U$4:AB$780, 5, false) * VLOOKUp(Concat("$", Concat(J101, ".Search")) ,U$4:AB$780, 6, false)* (1 - DiskOverprovisioning))) / AZ,1) * AZ , Ceiling(($C$19 / VLOOKUp(Concat("$", Concat(J101, ".Search")) ,U$4:AB$780, 4, false) / AZ),1) * AZ ) * VLOOKUp(Concat("$", Concat(J101, ".Search")) ,U$4:AB$780, 8, false) ) ) -> N/A | M101: t4g | N101: N/A | O101: N/A | P101: =VLOOKUp(Concat("$", Concat(Q101, ".Search")) ,U$4:AB$780, 5, false) * VLOOKUp(Concat("$", Concat(Q101, ".Search")) ,U$4:AB$780, 6, false) * (1 - $C$12)/ VLOOKUp(Concat("$", Concat(Q101, ".Search")) ,U$4:AB$780, 4, false) -> 0 | Q101: u-9tb1 | R101: =if(P101=0, "N/A", P101) -> N/A | S101: =if(P101=0, "N/A", Abs(P101-$C$21)) -> N/A | U101: $c6id. | V101: c6id.xlarge | W101: 4 | X101: 8 | Y101: 1900 | Z101: 0.125 | AA101: Up to 12.5 Gigabit | AB101: 92.75 | AD101: =if(Miscellaneous!E101*AWS!C$5> 256, "", Miscellaneous!E101*AWS!C$5) -> 100
H102: u-12tb1 | I102: N/A | J102: u7i-12tb | K102: =If(C$20 = 0, Ceiling(($C$19 / VLOOKUp(Concat("$", Concat(J102, ".Search")) ,U$4:AB$780, 4, false) * VLOOKUp(Concat("$", Concat(J102, ".Search")) ,U$4:AB$780, 8, false) / AZ),1) * AZ, If(VLOOKUp(Concat("$", Concat(J102, ".Search")) ,U$4:AB$780, 5, false) = 0 , "N/A", Max( Ceiling(($C$20 / (VLOOKUp(Concat("$", Concat(J102, ".Search")) ,U$4:AB$780, 5, false) * VLOOKUp(Concat("$", Concat(J102, ".Search")) ,U$4:AB$780, 6, false)* (1 - DiskOverprovisioning))) / AZ,1) * AZ , Ceiling(($C$19 / VLOOKUp(Concat("$", Concat(J102, ".Search")) ,U$4:AB$780, 4, false) / AZ),1) * AZ ) * VLOOKUp(Concat("$", Concat(J102, ".Search")) ,U$4:AB$780, 8, false) ) ) -> N/A | M102: u-12tb1 | N102: N/A | O102: N/A | P102: =VLOOKUp(Concat("$", Concat(Q102, ".Search")) ,U$4:AB$780, 5, false) * VLOOKUp(Concat("$", Concat(Q102, ".Search")) ,U$4:AB$780, 6, false) * (1 - $C$12)/ VLOOKUp(Concat("$", Concat(Q102, ".Search")) ,U$4:AB$780, 4, false) -> 0 | Q102: u7i-12tb | R102: =if(P102=0, "N/A", P102) -> N/A | S102: =if(P102=0, "N/A", Abs(P102-$C$21)) -> N/A | U102: $c6id. | V102: c6id.2xlarge | W102: 8 | X102: 16 | Y102: 1900 | Z102: 0.25 | AA102: Up to 12.5 Gigabit | AB102: 185.49 | AD102: =if(Miscellaneous!E102*AWS!C$5> 256, "", Miscellaneous!E102*AWS!C$5) -> 101
H103: u-18tb1 | I103: N/A | J103: u7in-16tb | K103: =If(C$20 = 0, Ceiling(($C$19 / VLOOKUp(Concat("$", Concat(J103, ".Search")) ,U$4:AB$780, 4, false) * VLOOKUp(Concat("$", Concat(J103, ".Search")) ,U$4:AB$780, 8, false) / AZ),1) * AZ, If(VLOOKUp(Concat("$", Concat(J103, ".Search")) ,U$4:AB$780, 5, false) = 0 , "N/A", Max( Ceiling(($C$20 / (VLOOKUp(Concat("$", Concat(J103, ".Search")) ,U$4:AB$780, 5, false) * VLOOKUp(Concat("$", Concat(J103, ".Search")) ,U$4:AB$780, 6, false)* (1 - DiskOverprovisioning))) / AZ,1) * AZ , Ceiling(($C$19 / VLOOKUp(Concat("$", Concat(J103, ".Search")) ,U$4:AB$780, 4, false) / AZ),1) * AZ ) * VLOOKUp(Concat("$", Concat(J103, ".Search")) ,U$4:AB$780, 8, false) ) ) -> N/A | M103: u-18tb1 | N103: N/A | O103: N/A | P103: =VLOOKUp(Concat("$", Concat(Q103, ".Search")) ,U$4:AB$780, 5, false) * VLOOKUp(Concat("$", Concat(Q103, ".Search")) ,U$4:AB$780, 6, false) * (1 - $C$12)/ VLOOKUp(Concat("$", Concat(Q103, ".Search")) ,U$4:AB$780, 4, false) -> 0 | Q103: u7in-16tb | R103: =if(P103=0, "N/A", P103) -> N/A | S103: =if(P103=0, "N/A", Abs(P103-$C$21)) -> N/A | U103: $c6id.Search | V103: c6id.4xlarge | W103: 16 | X103: 32 | Y103: 1900 | Z103: 0.5 | AA103: Up to 12.5 Gigabit | AB103: 370.99 | AD103: =if(Miscellaneous!E103*AWS!C$5> 256, "", Miscellaneous!E103*AWS!C$5) -> 102
H104: u-24tb1 | I104: N/A | J104: u7in-24tb | K104: =If(C$20 = 0, Ceiling(($C$19 / VLOOKUp(Concat("$", Concat(J104, ".Search")) ,U$4:AB$780, 4, false) * VLOOKUp(Concat("$", Concat(J104, ".Search")) ,U$4:AB$780, 8, false) / AZ),1) * AZ, If(VLOOKUp(Concat("$", Concat(J104, ".Search")) ,U$4:AB$780, 5, false) = 0 , "N/A", Max( Ceiling(($C$20 / (VLOOKUp(Concat("$", Concat(J104, ".Search")) ,U$4:AB$780, 5, false) * VLOOKUp(Concat("$", Concat(J104, ".Search")) ,U$4:AB$780, 6, false)* (1 - DiskOverprovisioning))) / AZ,1) * AZ , Ceiling(($C$19 / VLOOKUp(Concat("$", Concat(J104, ".Search")) ,U$4:AB$780, 4, false) / AZ),1) * AZ ) * VLOOKUp(Concat("$", Concat(J104, ".Search")) ,U$4:AB$780, 8, false) ) ) -> N/A | M104: u-24tb1 | N104: N/A | O104: N/A | P104: =VLOOKUp(Concat("$", Concat(Q104, ".Search")) ,U$4:AB$780, 5, false) * VLOOKUp(Concat("$", Concat(Q104, ".Search")) ,U$4:AB$780, 6, false) * (1 - $C$12)/ VLOOKUp(Concat("$", Concat(Q104, ".Search")) ,U$4:AB$780, 4, false) -> 0 | Q104: u7in-24tb | R104: =if(P104=0, "N/A", P104) -> N/A | S104: =if(P104=0, "N/A", Abs(P104-$C$21)) -> N/A | U104: $c6id. | V104: c6id.8xlarge | W104: 32 | X104: 64 | Y104: 1900 | Z104: 1 | AA104: 12.5 Gigabit | AB104: 741.97 | AD104: =if(Miscellaneous!E104*AWS!C$5> 256, "", Miscellaneous!E104*AWS!C$5) -> 103
H105: u-3tb1 | I105: N/A | J105: u7in-32tb | K105: =If(C$20 = 0, Ceiling(($C$19 / VLOOKUp(Concat("$", Concat(J105, ".Search")) ,U$4:AB$780, 4, false) * VLOOKUp(Concat("$", Concat(J105, ".Search")) ,U$4:AB$780, 8, false) / AZ),1) * AZ, If(VLOOKUp(Concat("$", Concat(J105, ".Search")) ,U$4:AB$780, 5, false) = 0 , "N/A", Max( Ceiling(($C$20 / (VLOOKUp(Concat("$", Concat(J105, ".Search")) ,U$4:AB$780, 5, false) * VLOOKUp(Concat("$", Concat(J105, ".Search")) ,U$4:AB$780, 6, false)* (1 - DiskOverprovisioning))) / AZ,1) * AZ , Ceiling(($C$19 / VLOOKUp(Concat("$", Concat(J105, ".Search")) ,U$4:AB$780, 4, false) / AZ),1) * AZ ) * VLOOKUp(Concat("$", Concat(J105, ".Search")) ,U$4:AB$780, 8, false) ) ) -> N/A | M105: u-3tb1 | N105: N/A | O105: N/A | P105: =VLOOKUp(Concat("$", Concat(Q105, ".Search")) ,U$4:AB$780, 5, false) * VLOOKUp(Concat("$", Concat(Q105, ".Search")) ,U$4:AB$780, 6, false) * (1 - $C$12)/ VLOOKUp(Concat("$", Concat(Q105, ".Search")) ,U$4:AB$780, 4, false) -> 0 | Q105: u7in-32tb | R105: =if(P105=0, "N/A", P105) -> N/A | S105: =if(P105=0, "N/A", Abs(P105-$C$21)) -> N/A | U105: $c6id. | V105: c6id.12xlarge | W105: 48 | X105: 96 | Y105: 1900 | Z105: 1.5 | AA105: 18.75 Gigabit | AB105: 1112.96 | AD105: =if(Miscellaneous!E105*AWS!C$5> 256, "", Miscellaneous!E105*AWS!C$5) -> 104
H106: u-6tb1 | I106: N/A | J106: vt1 | K106: =If(C$20 = 0, Ceiling(($C$19 / VLOOKUp(Concat("$", Concat(J106, ".Search")) ,U$4:AB$780, 4, false) * VLOOKUp(Concat("$", Concat(J106, ".Search")) ,U$4:AB$780, 8, false) / AZ),1) * AZ, If(VLOOKUp(Concat("$", Concat(J106, ".Search")) ,U$4:AB$780, 5, false) = 0 , "N/A", Max( Ceiling(($C$20 / (VLOOKUp(Concat("$", Concat(J106, ".Search")) ,U$4:AB$780, 5, false) * VLOOKUp(Concat("$", Concat(J106, ".Search")) ,U$4:AB$780, 6, false)* (1 - DiskOverprovisioning))) / AZ,1) * AZ , Ceiling(($C$19 / VLOOKUp(Concat("$", Concat(J106, ".Search")) ,U$4:AB$780, 4, false) / AZ),1) * AZ ) * VLOOKUp(Concat("$", Concat(J106, ".Search")) ,U$4:AB$780, 8, false) ) ) -> N/A | M106: u-6tb1 | N106: N/A | O106: N/A | P106: =VLOOKUp(Concat("$", Concat(Q106, ".Search")) ,U$4:AB$780, 5, false) * VLOOKUp(Concat("$", Concat(Q106, ".Search")) ,U$4:AB$780, 6, false) * (1 - $C$12)/ VLOOKUp(Concat("$", Concat(Q106, ".Search")) ,U$4:AB$780, 4, false) -> 0 | Q106: vt1 | R106: =if(P106=0, "N/A", P106) -> N/A | S106: =if(P106=0, "N/A", Abs(P106-$C$21)) -> N/A | U106: $c6id. | V106: c6id.16xlarge | W106: 64 | X106: 128 | Y106: 1900 | Z106: 2 | AA106: 25 Gigabit | AB106: 1483.94 | AD106: =if(Miscellaneous!E106*AWS!C$5> 256, "", Miscellaneous!E106*AWS!C$5) -> 105
H107: u-9tb1 | I107: N/A | J107: x1 | K107: =If(C$20 = 0, Ceiling(($C$19 / VLOOKUp(Concat("$", Concat(J107, ".Search")) ,U$4:AB$780, 4, false) * VLOOKUp(Concat("$", Concat(J107, ".Search")) ,U$4:AB$780, 8, false) / AZ),1) * AZ, If(VLOOKUp(Concat("$", Concat(J107, ".Search")) ,U$4:AB$780, 5, false) = 0 , "N/A", Max( Ceiling(($C$20 / (VLOOKUp(Concat("$", Concat(J107, ".Search")) ,U$4:AB$780, 5, false) * VLOOKUp(Concat("$", Concat(J107, ".Search")) ,U$4:AB$780, 6, false)* (1 - DiskOverprovisioning))) / AZ,1) * AZ , Ceiling(($C$19 / VLOOKUp(Concat("$", Concat(J107, ".Search")) ,U$4:AB$780, 4, false) / AZ),1) * AZ ) * VLOOKUp(Concat("$", Concat(J107, ".Search")) ,U$4:AB$780, 8, false) ) ) -> 15001.5 | M107: u-9tb1 | N107: N/A | O107: N/A | P107: =VLOOKUp(Concat("$", Concat(Q107, ".Search")) ,U$4:AB$780, 5, false) * VLOOKUp(Concat("$", Concat(Q107, ".Search")) ,U$4:AB$780, 6, false) * (1 - $C$12)/ VLOOKUp(Concat("$", Concat(Q107, ".Search")) ,U$4:AB$780, 4, false) -> 1.6721311 | Q107: x1 | R107: =if(P107=0, "N/A", P107) -> 1.6721311 | S107: =if(P107=0, "N/A", Abs(P107-$C$21)) -> 25.166066 | U107: $c6id. | V107: c6id.24xlarge | W107: 96 | X107: 192 | Y107: 1900 | Z107: 3 | AA107: 37.5 Gigabit | AB107: 2225.92 | AD107: =if(Miscellaneous!E107*AWS!C$5> 256, "", Miscellaneous!E107*AWS!C$5) -> 106
H108: u7i-12tb | I108: N/A | J108: x1e | K108: =If(C$20 = 0, Ceiling(($C$19 / VLOOKUp(Concat("$", Concat(J108, ".Search")) ,U$4:AB$780, 4, false) * VLOOKUp(Concat("$", Concat(J108, ".Search")) ,U$4:AB$780, 8, false) / AZ),1) * AZ, If(VLOOKUp(Concat("$", Concat(J108, ".Search")) ,U$4:AB$780, 5, false) = 0 , "N/A", Max( Ceiling(($C$20 / (VLOOKUp(Concat("$", Concat(J108, ".Search")) ,U$4:AB$780, 5, false) * VLOOKUp(Concat("$", Concat(J108, ".Search")) ,U$4:AB$780, 6, false)* (1 - DiskOverprovisioning))) / AZ,1) * AZ , Ceiling(($C$19 / VLOOKUp(Concat("$", Concat(J108, ".Search")) ,U$4:AB$780, 4, false) / AZ),1) * AZ ) * VLOOKUp(Concat("$", Concat(J108, ".Search")) ,U$4:AB$780, 8, false) ) ) -> 30017.6 | M108: u7i-12tb | N108: N/A | O108: N/A | P108: =VLOOKUp(Concat("$", Concat(Q108, ".Search")) ,U$4:AB$780, 5, false) * VLOOKUp(Concat("$", Concat(Q108, ".Search")) ,U$4:AB$780, 6, false) * (1 - $C$12)/ VLOOKUp(Concat("$", Concat(Q108, ".Search")) ,U$4:AB$780, 4, false) -> 0.83606557 | Q108: x1e | R108: =if(P108=0, "N/A", P108) -> 0.83606557 | S108: =if(P108=0, "N/A", Abs(P108-$C$21)) -> 26.002131 | U108: $c6id. | V108: c6id.32xlarge | W108: 128 | X108: 256 | Y108: 1900 | Z108: 4 | AA108: 50 Gigabit | AB108: 2967.89 | AD108: =if(Miscellaneous!E108*AWS!C$5> 256, "", Miscellaneous!E108*AWS!C$5) -> 107
H109: u7in-16tb | I109: N/A | J109: x2gd | K109: =If(C$20 = 0, Ceiling(($C$19 / VLOOKUp(Concat("$", Concat(J109, ".Search")) ,U$4:AB$780, 4, false) * VLOOKUp(Concat("$", Concat(J109, ".Search")) ,U$4:AB$780, 8, false) / AZ),1) * AZ, If(VLOOKUp(Concat("$", Concat(J109, ".Search")) ,U$4:AB$780, 5, false) = 0 , "N/A", Max( Ceiling(($C$20 / (VLOOKUp(Concat("$", Concat(J109, ".Search")) ,U$4:AB$780, 5, false) * VLOOKUp(Concat("$", Concat(J109, ".Search")) ,U$4:AB$780, 6, false)* (1 - DiskOverprovisioning))) / AZ,1) * AZ , Ceiling(($C$19 / VLOOKUp(Concat("$", Concat(J109, ".Search")) ,U$4:AB$780, 4, false) / AZ),1) * AZ ) * VLOOKUp(Concat("$", Concat(J109, ".Search")) ,U$4:AB$780, 8, false) ) ) -> 6010.1 | M109: u7in-16tb | N109: N/A | O109: N/A | P109: =VLOOKUp(Concat("$", Concat(Q109, ".Search")) ,U$4:AB$780, 5, false) * VLOOKUp(Concat("$", Concat(Q109, ".Search")) ,U$4:AB$780, 6, false) * (1 - $C$12)/ VLOOKUp(Concat("$", Concat(Q109, ".Search")) ,U$4:AB$780, 4, false) -> 3.1542969 | Q109: x2gd | R109: =if(P109=0, "N/A", P109) -> 3.1542969 | S109: =if(P109=0, "N/A", Abs(P109-$C$21)) -> 23.6839 | U109: $c6in.Search | V109: c6in.large | W109: 2 | X109: 4 | Y109: 0 | Z109: 0 | AA109: Up to 25 Gigabit | AB109: 52.15 | AD109: =if(Miscellaneous!E109*AWS!C$5> 256, "", Miscellaneous!E109*AWS!C$5) -> 108
H110: u7in-24tb | I110: N/A | J110: x2idn | K110: =If(C$20 = 0, Ceiling(($C$19 / VLOOKUp(Concat("$", Concat(J110, ".Search")) ,U$4:AB$780, 4, false) * VLOOKUp(Concat("$", Concat(J110, ".Search")) ,U$4:AB$780, 8, false) / AZ),1) * AZ, If(VLOOKUp(Concat("$", Concat(J110, ".Search")) ,U$4:AB$780, 5, false) = 0 , "N/A", Max( Ceiling(($C$20 / (VLOOKUp(Concat("$", Concat(J110, ".Search")) ,U$4:AB$780, 5, false) * VLOOKUp(Concat("$", Concat(J110, ".Search")) ,U$4:AB$780, 6, false)* (1 - DiskOverprovisioning))) / AZ,1) * AZ , Ceiling(($C$19 / VLOOKUp(Concat("$", Concat(J110, ".Search")) ,U$4:AB$780, 4, false) / AZ),1) * AZ ) * VLOOKUp(Concat("$", Concat(J110, ".Search")) ,U$4:AB$780, 8, false) ) ) -> 14977.55 | M110: u7in-24tb | N110: N/A | O110: N/A | P110: =VLOOKUp(Concat("$", Concat(Q110, ".Search")) ,U$4:AB$780, 5, false) * VLOOKUp(Concat("$", Concat(Q110, ".Search")) ,U$4:AB$780, 6, false) * (1 - $C$12)/ VLOOKUp(Concat("$", Concat(Q110, ".Search")) ,U$4:AB$780, 4, false) -> 1.5771484 | Q110: x2idn | R110: =if(P110=0, "N/A", P110) -> 1.5771484 | S110: =if(P110=0, "N/A", Abs(P110-$C$21)) -> 25.261048 | U110: $c6in. | V110: c6in.xlarge | W110: 4 | X110: 8 | Y110: 0 | Z110: 0 | AA110: Up to 30 Gigabit | AB110: 104.3 | AD110: =if(Miscellaneous!E110*AWS!C$5> 256, "", Miscellaneous!E110*AWS!C$5) -> 109
H111: u7in-32tb | I111: N/A | J111: x2iedn | K111: =If(C$20 = 0, Ceiling(($C$19 / VLOOKUp(Concat("$", Concat(J111, ".Search")) ,U$4:AB$780, 4, false) * VLOOKUp(Concat("$", Concat(J111, ".Search")) ,U$4:AB$780, 8, false) / AZ),1) * AZ, If(VLOOKUp(Concat("$", Concat(J111, ".Search")) ,U$4:AB$780, 5, false) = 0 , "N/A", Max( Ceiling(($C$20 / (VLOOKUp(Concat("$", Concat(J111, ".Search")) ,U$4:AB$780, 5, false) * VLOOKUp(Concat("$", Concat(J111, ".Search")) ,U$4:AB$780, 6, false)* (1 - DiskOverprovisioning))) / AZ,1) * AZ , Ceiling(($C$19 / VLOOKUp(Concat("$", Concat(J111, ".Search")) ,U$4:AB$780, 4, false) / AZ),1) * AZ ) * VLOOKUp(Concat("$", Concat(J111, ".Search")) ,U$4:AB$780, 8, false) ) ) -> 29955.1 | M111: u7in-32tb | N111: N/A | O111: N/A | P111: =VLOOKUp(Concat("$", Concat(Q111, ".Search")) ,U$4:AB$780, 5, false) * VLOOKUp(Concat("$", Concat(Q111, ".Search")) ,U$4:AB$780, 6, false) * (1 - $C$12)/ VLOOKUp(Concat("$", Concat(Q111, ".Search")) ,U$4:AB$780, 4, false) -> 0.78857422 | Q111: x2iedn | R111: =if(P111=0, "N/A", P111) -> 0.78857422 | S111: =if(P111=0, "N/A", Abs(P111-$C$21)) -> 26.049622 | U111: $c6in. | V111: c6in.2xlarge | W111: 8 | X111: 16 | Y111: 0 | Z111: 0 | AA111: Up to 40 Gigabit | AB111: 208.61 | AD111: =if(Miscellaneous!E111*AWS!C$5> 256, "", Miscellaneous!E111*AWS!C$5) -> 110
H112: vt1 | I112: N/A | J112: x2iezn | K112: =If(C$20 = 0, Ceiling(($C$19 / VLOOKUp(Concat("$", Concat(J112, ".Search")) ,U$4:AB$780, 4, false) * VLOOKUp(Concat("$", Concat(J112, ".Search")) ,U$4:AB$780, 8, false) / AZ),1) * AZ, If(VLOOKUp(Concat("$", Concat(J112, ".Search")) ,U$4:AB$780, 5, false) = 0 , "N/A", Max( Ceiling(($C$20 / (VLOOKUp(Concat("$", Concat(J112, ".Search")) ,U$4:AB$780, 5, false) * VLOOKUp(Concat("$", Concat(J112, ".Search")) ,U$4:AB$780, 6, false)* (1 - DiskOverprovisioning))) / AZ,1) * AZ , Ceiling(($C$19 / VLOOKUp(Concat("$", Concat(J112, ".Search")) ,U$4:AB$780, 4, false) / AZ),1) * AZ ) * VLOOKUp(Concat("$", Concat(J112, ".Search")) ,U$4:AB$780, 8, false) ) ) -> N/A | M112: vt1 | N112: N/A | O112: N/A | P112: =VLOOKUp(Concat("$", Concat(Q112, ".Search")) ,U$4:AB$780, 5, false) * VLOOKUp(Concat("$", Concat(Q112, ".Search")) ,U$4:AB$780, 6, false) * (1 - $C$12)/ VLOOKUp(Concat("$", Concat(Q112, ".Search")) ,U$4:AB$780, 4, false) -> 0 | Q112: x2iezn | R112: =if(P112=0, "N/A", P112) -> N/A | S112: =if(P112=0, "N/A", Abs(P112-$C$21)) -> N/A | U112: $c6in. | V112: c6in.4xlarge | W112: 16 | X112: 32 | Y112: 0 | Z112: 0 | AA112: Up to 50 Gigabit | AB112: 417.22 | AD112: =if(Miscellaneous!E112*AWS!C$5> 256, "", Miscellaneous!E112*AWS!C$5) -> 111
... H114: x8g | I114: N/A | J114: z1d | K114: =If(C$20 = 0, Ceiling(($C$19 / VLOOKUp(Concat("$", Concat(J114, ".Search")) ,U$4:AB$780, 4, false) * VLOOKUp(Concat("$", Concat(J114, ".Search")) ,U$4:AB$780, 8, false) / AZ),1) * AZ, If(VLOOKUp(Concat("$", Concat(J114, ".Search")) ,U$4:AB$780, 5, false) = 0 , "N/A", Max( Ceiling(($C$20 / (VLOOKUp(Concat("$", Concat(J114, ".Search")) ,U$4:AB$780, 5, false) * VLOOKUp(Concat("$", Concat(J114, ".Search")) ,U$4:AB$780, 6, false)* (1 - DiskOverprovisioning))) / AZ,1) * AZ , Ceiling(($C$19 / VLOOKUp(Concat("$", Concat(J114, ".Search")) ,U$4:AB$780, 4, false) / AZ),1) * AZ ) * VLOOKUp(Concat("$", Concat(J114, ".Search")) ,U$4:AB$780, 8, false) ) ) -> 10776.99 | M114: x8g | N114: N/A | O114: N/A | P114: =VLOOKUp(Concat("$", Concat(Q114, ".Search")) ,U$4:AB$780, 5, false) * VLOOKUp(Concat("$", Concat(Q114, ".Search")) ,U$4:AB$780, 6, false) * (1 - $C$12)/ VLOOKUp(Concat("$", Concat(Q114, ".Search")) ,U$4:AB$780, 4, false) -> 3.984375 | Q114: z1d | R114: =if(P114=0, "N/A", P114) -> 3.984375 | S114: =if(P114=0, "N/A", Abs(P114-$C$21)) -> 22.853822 | U114: $c6in. | V114: c6in.12xlarge | W114: 48 | X114: 96 | Y114: 0 | Z114: 0 | AA114: 75 Gigabit | AB114: 1251.67 | AD114: =if(Miscellaneous!E114*AWS!C$5> 256, "", Miscellaneous!E114*AWS!C$5) -> 113
U115: $c6in. | V115: c6in.16xlarge | W115: 64 | X115: 128 | Y115: 0 | Z115: 0 | AA115: 100 Gigabit | AB115: 1668.88 | AD115: =if(Miscellaneous!E115*AWS!C$5> 256, "", Miscellaneous!E115*AWS!C$5) -> 114
U116: $c6in. | V116: c6in.24xlarge | W116: 96 | X116: 192 | Y116: 0 | Z116: 0 | AA116: 150 Gigabit | AB116: 2503.33 | AD116: =if(Miscellaneous!E116*AWS!C$5> 256, "", Miscellaneous!E116*AWS!C$5) -> 115
U117: $c6in. | V117: c6in.32xlarge | W117: 128 | X117: 256 | Y117: 0 | Z117: 0 | AA117: 200 Gigabit | AB117: 3337.77 | AD117: =if(Miscellaneous!E117*AWS!C$5> 256, "", Miscellaneous!E117*AWS!C$5) -> 116
U118: $c7a.Search | V118: c7a.medium | W118: 1 | X118: 2 | Y118: 0 | Z118: 0 | AA118: Up to 12.5 Gigabit | AB118: 24.78 | AD118: =if(Miscellaneous!E118*AWS!C$5> 256, "", Miscellaneous!E118*AWS!C$5) -> 117
U119: $c7a. | V119: c7a.large | W119: 2 | X119: 4 | Y119: 0 | Z119: 0 | AA119: Up to 12.5 Gigabit | AB119: 49.57 | AD119: =if(Miscellaneous!E119*AWS!C$5> 256, "", Miscellaneous!E119*AWS!C$5) -> 118
U120: $c7a. | V120: c7a.xlarge | W120: 4 | X120: 8 | Y120: 0 | Z120: 0 | AA120: Up to 12.5 Gigabit | AB120: 99.13 | AD120: =if(Miscellaneous!E120*AWS!C$5> 256, "", Miscellaneous!E120*AWS!C$5) -> 119
...

Sheet Custom
B2: Resilience | H2: =If(Miscellaneous!E2*Custom!C$5> 256, "", Miscellaneous!E2*Custom!C$5) -> 0 | I2: =IFERROR(__xludf.DUMMYFUNCTION(" filter(Miscellaneous!E2:E12, Miscellaneous!E2:E12<Workload!$C$7)"),0.0) -> 0 | J2: =IFERROR(__xludf.DUMMYFUNCTION(" filter(Miscellaneous!E2:E12, Miscellaneous!E2:E12<Custom!$C$5)"),0.0) -> 0
B3: Resiliency Target | C3: Node | H3: =If(Miscellaneous!E3*Custom!C$5> 256, "", Miscellaneous!E3*Custom!C$5) -> 3 | I3: =IFERROR(__xludf.DUMMYFUNCTION("""COMPUTED_VALUE"""),1.0) -> 1 | J3: =IFERROR(__xludf.DUMMYFUNCTION("""COMPUTED_VALUE"""),1.0) -> 1
B4: Tolerated Node Failures Count | C4: 1 | H4: =If(Miscellaneous!E4*Custom!C$5> 256, "", Miscellaneous!E4*Custom!C$5) -> 6 | I4: =IFERROR(__xludf.DUMMYFUNCTION("""COMPUTED_VALUE"""),2.0) -> 2 | J4: =IFERROR(__xludf.DUMMYFUNCTION("""COMPUTED_VALUE"""),2.0) -> 2
B5: Racks or Availability Zones Count | C5: 3 | H5: =If(Miscellaneous!E5*Custom!C$5> 256, "", Miscellaneous!E5*Custom!C$5) -> 9
B6: Tolerated AZ/Rack Failures Count | C6: 0 | H6: =If(Miscellaneous!E6*Custom!C$5> 256, "", Miscellaneous!E6*Custom!C$5) -> 12
B7: Allow Read from Nearest Rack/AZ | C7: FALSE | H7: =If(Miscellaneous!E7*Custom!C$5> 256, "", Miscellaneous!E7*Custom!C$5) -> 15
H8: =If(Miscellaneous!E8*Custom!C$5> 256, "", Miscellaneous!E8*Custom!C$5) -> 18
B9: Hardware Specification | H9: =If(Miscellaneous!E9*Custom!C$5> 256, "", Miscellaneous!E9*Custom!C$5) -> 21
B10: Number of Nodes | C10: 12 | H10: =If(Miscellaneous!E10*Custom!C$5> 256, "", Miscellaneous!E10*Custom!C$5) -> 24
B11: Node Specification | H11: =If(Miscellaneous!E11*Custom!C$5> 256, "", Miscellaneous!E11*Custom!C$5) -> 27
B12: Number of vCPUs | C12: 32 | H12: =If(Miscellaneous!E12*Custom!C$5> 256, "", Miscellaneous!E12*Custom!C$5) -> 30
B13: Ram (GB) | C13: 256 | H13: =If(Miscellaneous!E13*Custom!C$5> 256, "", Miscellaneous!E13*Custom!C$5) -> 33
B14: Number of Disks | C14: 18 | H14: =If(Miscellaneous!E14*Custom!C$5> 256, "", Miscellaneous!E14*Custom!C$5) -> 36
B15: Each Disk Size (GB) | C15: 55 | H15: =If(Miscellaneous!E15*Custom!C$5> 256, "", Miscellaneous!E15*Custom!C$5) -> 39
B16: Disk Overprovisioning | C16: 0.1 | H16: =If(Miscellaneous!E16*Custom!C$5> 256, "", Miscellaneous!E16*Custom!C$5) -> 42
B17: Monthly Rate | C17: 1770.08 | H17: =If(Miscellaneous!E17*Custom!C$5> 256, "", Miscellaneous!E17*Custom!C$5) -> 45
B18: Throughput per Disk (MB/s) | C18: 1500 | H18: =If(Miscellaneous!E18*Custom!C$5> 256, "", Miscellaneous!E18*Custom!C$5) -> 48
B19: IOPS per Disk (K) | C19: 320 | H19: =If(Miscellaneous!E19*Custom!C$5> 256, "", Miscellaneous!E19*Custom!C$5) -> 51
B20: Total Disk Size (GB) | C20: =C15*C14 -> 990 | H20: =If(Miscellaneous!E20*Custom!C$5> 256, "", Miscellaneous!E20*Custom!C$5) -> 54
B21: Total IOPS (K) | C21: =C19*C14 -> 5760 | H21: =If(Miscellaneous!E21*Custom!C$5> 256, "", Miscellaneous!E21*Custom!C$5) -> 57
B22: Total Throughput (MB/s) | C22: =C18*C14 -> 27000 | H22: =If(Miscellaneous!E22*Custom!C$5> 256, "", Miscellaneous!E22*Custom!C$5) -> 60
H23: =If(Miscellaneous!E23*Custom!C$5> 256, "", Miscellaneous!E23*Custom!C$5) -> 63
B24: Additional Resources Required for Resiliency | H24: =If(Miscellaneous!E24*Custom!C$5> 256, "", Miscellaneous!E24*Custom!C$5) -> 66
B25: Multiplier | C25: =Switch(Custom!ResiliencyTarget, "None", 1, "Rack/AZ", (Custom!AZ/(Custom!AZ-C6)), "Node", (Custom!InstanceCount/(Custom!InstanceCount-Custom!NodeFailure))) -> 1.0909091 | H25: =If(Miscellaneous!E25*Custom!C$5> 256, "", Miscellaneous!E25*Custom!C$5) -> 69
H26: =If(Miscellaneous!E26*Custom!C$5> 256, "", Miscellaneous!E26*Custom!C$5) -> 75
B27: Requirements Per Region | E27: Total Available Hardware Capacity | H27: =If(Miscellaneous!E27*Custom!C$5> 256, "", Miscellaneous!E27*Custom!C$5) -> 78
B28: Hardware Requirements | E28: Ram and Disk Size | H28: =If(Miscellaneous!E28*Custom!C$5> 256, "", Miscellaneous!E28*Custom!C$5) -> 81
B29: =Workload!B62 -> Minimum Ram Required (GB) | C29: =MinRam * Custom!Multiplier -> 312.15705 | E29: Total RAM (GB) | F29: =Custom!InstanceCount*Custom!InstanceRamSize -> 3072 | H29: =If(Miscellaneous!E29*Custom!C$5> 256, "", Miscellaneous!E29*Custom!C$5) -> 84
B30: =Workload!B63 -> Minimum Disk Required (GB) | C30: =MinDisk * Custom!Multiplier -> 8377.7323 | E30: Total DISK (GB) | F30: =Custom!InstanceCount*Custom!InstanceDiskSize * (1 - Custom!DiskOverprovisioning) -> 10692 | H30: =If(Miscellaneous!E30*Custom!C$5> 256, "", Miscellaneous!E30*Custom!C$5) -> 87
B31: =Workload!B64 -> Disk to Ram Ratio | C31: =DomainModelDiskToRamRatio -> 26.838197 | E31: Disk to Ram Ratio | F31: =Custom!TotalGuaranteedDisk/Custom!TotalGuaranteedRam -> 3.4804688 | H31: =If(Miscellaneous!E31*Custom!C$5> 256, "", Miscellaneous!E31*Custom!C$5) -> 90
B32: =Workload!B92 -> Throughput | E32: Throughput and IOPS | H32: =If(Miscellaneous!E32*Custom!C$5> 256, "", Miscellaneous!E32*Custom!C$5) -> 93
B33: Peak Throughput (MB/s) | C33: =(PeakDiskReadThroughput + PeakDiskWriteThroughput) * Custom!Multiplier -> 4533.0256 | E33: Peak Throughput (MB/s) | F33: =Custom!InstanceThroughput*Custom!InstanceCount -> 324000 | H33: =If(Miscellaneous!E33*Custom!C$5> 256, "", Miscellaneous!E33*Custom!C$5) -> 96
B34: Peak IOPS (K) | C34: =(PeakReadIOPS + PeakWriteIOPS*RF_1)*Custom!Multiplier -> 1305.3905 | E34: Estimated IOPS (K) | F34: =Custom!InstanceIOPS*Custom!InstanceCount -> 69120 | H34: =If(Miscellaneous!E34*Custom!C$5> 256, "", Miscellaneous!E34*Custom!C$5) -> 99
B35: Cache Size | E35: Other | H35: =If(Miscellaneous!E35*Custom!C$5> 256, "", Miscellaneous!E35*Custom!C$5) -> 102
B36: Page Cache Size for On-Disk SI (GB) | C36: =PageCacheSize -> 0 | E36: Number of CPUs | F36: =Custom!InstanceCount*Custom!InstanceCpuCount -> 384 | H36: =If(Miscellaneous!E36*Custom!C$5> 256, "", Miscellaneous!E36*Custom!C$5) -> 105
E37: Number of Disks | F37: =Custom!InstanceDiskCount*Custom!InstanceCount -> 216 | H37: =If(Miscellaneous!E37*Custom!C$5> 256, "", Miscellaneous!E37*Custom!C$5) -> 108
B38: Networking | H38: =If(Miscellaneous!E38*Custom!C$5> 256, "", Miscellaneous!E38*Custom!C$5) -> 111
B39: Between AZ Egress | H39: =If(Miscellaneous!E39*Custom!C$5> 256, "", Miscellaneous!E39*Custom!C$5) -> 114
B40: Write Request Egress Size(GB) | C40: =(If(Custom!AZ=1, 0, ((Custom!AZ-1)/Custom!AZ) * (AvgRecordSize1*AvgObjWPS1*SecondsInAYear + AvgRecordSize2*AvgObjWPS2*SecondsInAYear + AvgRecordSize3*AvgObjWPS3*SecondsInAYear + AvgRecordSize4*AvgObjWPS4*SecondsInAYear + AvgRecordSize5*AvgObjWPS5*SecondsInAYear) ) /GB) -> 401000.98 | H40: =If(Miscellaneous!E40*Custom!C$5> 256, "", Miscellaneous!E40*Custom!C$5) -> 117
B41: Write Replication Egress Size (GB) | C41: =(IF(Custom!AZ=1, 0, (RF_1-1) * (AvgRecordSize1*AvgObjWPS1*SecondsInAYear + AvgRecordSize2*AvgObjWPS2*SecondsInAYear + AvgRecordSize3*AvgObjWPS3*SecondsInAYear + AvgRecordSize4*AvgObjWPS4*SecondsInAYear + AvgRecordSize5*AvgObjWPS5*SecondsInAYear))/GB) -> 1203002.9 | H41: =If(Miscellaneous!E41*Custom!C$5> 256, "", Miscellaneous!E41*Custom!C$5) -> 120
B42: Read Request Egress Size (GB) | C42: =IF(Custom!AZ=1, 0, If(Custom!ReadFromNearAZ, IF(RF_1 >= Custom!AZ, 0, ((Custom!AZ-RF_1)/Custom!AZ)), (Custom!AZ-1)/Custom!AZ)) * (AvgRecordSize1*AvgObjRPS1*(1-NotFoundRate1)*SecondsInAYear + AvgRecordSize2*AvgObjRPS2*(1-NotFoundRate2)*SecondsInAYear + AvgRecordSize3*AvgObjRPS3*(1-NotFoundRate3)*SecondsInAYear + AvgRecordSize4*AvgObjRPS4*(1-NotFoundRate4)*SecondsInAYear + AvgRecordSize5*AvgObjRPS5*(1-NotFoundRate5)*SecondsInAYear )/GB -> 20050049 | H42: =If(Miscellaneous!E42*Custom!C$5> 256, "", Miscellaneous!E42*Custom!C$5) -> 123
B43: Cost | H43: =If(Miscellaneous!E43*Custom!C$5> 256, "", Miscellaneous!E43*Custom!C$5) -> 126
B44: AZ Data Transfer Cost Per GB | C44: 0.05 | H44: =If(Miscellaneous!E44*Custom!C$5> 256, "", Miscellaneous!E44*Custom!C$5) -> 129
B45: Annual Write Egress Cost | C45: =(Custom!AZTransferByWrite+Custom!AZTransferByWriteReplication)*Custom!AZTransferCost -> 80200.195 | H45: =If(Miscellaneous!E45*Custom!C$5> 256, "", Miscellaneous!E45*Custom!C$5) -> 132
B46: Annual Read Egress Cost | C46: =Custom!AZTransferByRead*Custom!AZTransferCost -> 1002502.4 | H46: =If(Miscellaneous!E46*Custom!C$5> 256, "", Miscellaneous!E46*Custom!C$5) -> 135
H47: =If(Miscellaneous!E47*Custom!C$5> 256, "", Miscellaneous!E47*Custom!C$5) -> 138
B48: Summary | H48: =If(Miscellaneous!E48*Custom!C$5> 256, "", Miscellaneous!E48*Custom!C$5) -> 141
B49: Unique Data size (GB) | C49: =UniqueData -> 1144.4092 | H49: =If(Miscellaneous!E49*Custom!C$5> 256, "", Miscellaneous!E49*Custom!C$5) -> 144
B50: Infrastructure | H50: =If(Miscellaneous!E50*Custom!C$5> 256, "", Miscellaneous!E50*Custom!C$5) -> 147
B51: Monthly | C51: =C17*C10 -> 21240.96 | H51: =If(Miscellaneous!E51*Custom!C$5> 256, "", Miscellaneous!E51*Custom!C$5) -> 150
B52: Annual | C52: =C51*12 -> 254891.52 | H52: =If(Miscellaneous!E52*Custom!C$5> 256, "", Miscellaneous!E52*Custom!C$5) -> 153
B53: Networking | H53: =If(Miscellaneous!E53*Custom!C$5> 256, "", Miscellaneous!E53*Custom!C$5) -> 156
B54: Monthly | C54: =C55/12 -> 90225.22 | H54: =If(Miscellaneous!E54*Custom!C$5> 256, "", Miscellaneous!E54*Custom!C$5) -> 159
B55: Annual | C55: =Sum(C45:C46) -> 1082702.6 | H55: =If(Miscellaneous!E55*Custom!C$5> 256, "", Miscellaneous!E55*Custom!C$5) -> 162
B56: Total | H56: =If(Miscellaneous!E56*Custom!C$5> 256, "", Miscellaneous!E56*Custom!C$5) -> 165
B57: Monthly | C57: =C51+C54 -> 111466.18 | H57: =If(Miscellaneous!E57*Custom!C$5> 256, "", Miscellaneous!E57*Custom!C$5) -> 168
B58: Annual | C58: =C52+C55 -> 1337594.2 | H58: =If(Miscellaneous!E58*Custom!C$5> 256, "", Miscellaneous!E58*Custom!C$5) -> 171
H59: =If(Miscellaneous!E59*Custom!C$5> 256, "", Miscellaneous!E59*Custom!C$5) -> 174
H60: =If(Miscellaneous!E60*Custom!C$5> 256, "", Miscellaneous!E60*Custom!C$5) -> 177
H61: =If(Miscellaneous!E61*Custom!C$5> 256, "", Miscellaneous!E61*Custom!C$5) -> 180
H62: =If(Miscellaneous!E62*Custom!C$5> 256, "", Miscellaneous!E62*Custom!C$5) -> 183
H63: =If(Miscellaneous!E63*Custom!C$5> 256, "", Miscellaneous!E63*Custom!C$5) -> 186
H64: =If(Miscellaneous!E64*Custom!C$5> 256, "", Miscellaneous!E64*Custom!C$5) -> 189
H65: =If(Miscellaneous!E65*Custom!C$5> 256, "", Miscellaneous!E65*Custom!C$5) -> 192
H66: =If(Miscellaneous!E66*Custom!C$5> 256, "", Miscellaneous!E66*Custom!C$5) -> 195
H67: =If(Miscellaneous!E67*Custom!C$5> 256, "", Miscellaneous!E67*Custom!C$5) -> 198
H68: =If(Miscellaneous!E68*Custom!C$5> 256, "", Miscellaneous!E68*Custom!C$5) -> 201
H69: =If(Miscellaneous!E69*Custom!C$5> 256, "", Miscellaneous!E69*Custom!C$5) -> 204
H70: =If(Miscellaneous!E70*Custom!C$5> 256, "", Miscellaneous!E70*Custom!C$5) -> 207
... H257: =If(Miscellaneous!E257*Custom!C$5> 256, "", Miscellaneous!E257*Custom!C$5)

Sheet Miscellaneous
B2: Aerospike Facts | E2: 0
B3: Primary Index Entry Size (B) | C3: 64 | E3: 1
B4: Secondary Index Entry Size (B) | C4: 21 | E4: 2
B5: Secondary Index Overhead (B) | C5: =16 * (1024)^2 -> 16777216 | E5: 3
B6: Write Block Size (B) | C6: =8 * MB -> 8388608 | E6: 4
B7: Disk Block Size (B) | C7: 4096 | E7: 5
B8: Record Overhead (B) | C8: 64 | E8: 6
E9: 7
B10: Aerospike All-Flash Facts | E10: 8
B11: Sprig size (B) | C11: 4096 | E11: 9
B12: Number of Partitions | C12: 4096 | E12: 10
B13: Records per sprig | C13: =SprigSize/PIEntrySize -> 64 | E13: 11
B14: Primary Index Fill Factor | C14: 0.5 | E14: 12
B15: Number of items in each leaf of Secondaru Index | C15: 227 | E15: 13
B16: Secondary Index Fill Factor | C16: 0.75 | E16: 14
E17: 15
B18: Time Conversions | E18: 16
B19: Number of days in a year | C19: 365 | E19: 17
B20: Number of hours in a day | C20: 24 | E20: 18
B21: Number of Minutes in an hour | C21: 60 | E21: 19
B22: Number of Seconds in a Minute | C22: 60 | E22: 20
B23: Number of Hours in a Year | C23: =C19*C20 -> 8760 | E23: 21
B24: Number of seconds in a Year | C24: =C19*C20*C21*C22 -> 31536000 | E24: 22
E25: 23
B26: KB | C26: =Power(1024,1) -> 1024 | E26: 25
B27: MB | C27: =Power(1024,2) -> 1048576 | E27: 26
B28: GB | C28: =Power(1024,3) -> 1073741824 | E28: 27
B29: TB | C29: =Power(1024,4) -> 1099511627776 | E29: 28
E30: 29
E31: 30
E32: 31
E33: 32
E34: 33
E35: 34
E36: 35
E37: 36
E38: 37
E39: 38
E40: 39
E41: 40
... E257: 256
